subject,task,microstate,mean_corr,gev,timecov,meandurs,occurrences
1,REST,0,0.611240148503376,0.019950865697536187,0.3624344114072273,0.12475510204081633,2.9051670471052082
1,REST,1,0.6011003055180424,0.02177988741796511,0.4399845848279133,0.14101662707838483,3.1200901194675836
1,REST,2,0.6186712620907562,0.011306230714672062,0.19758100376485935,0.09659420289855072,2.045474757655708
1,S 21,0,0.6396109473532409,0.003407798334598469,0.4928856914468425,0.15319254658385095,3.217426059152678
1,S 21,1,0.6107390483600321,0.0016522791574680733,0.31270983213429254,0.10572972972972974,2.9576338928856916
1,S 21,2,0.6115579240069172,0.0009702585024817794,0.1944044764188649,0.0824406779661017,2.3581135091926457
1,S 22,0,0.635748915929991,0.009832050196432678,0.5161798435902396,0.15063709677419357,3.42664492773648
1,S 22,1,0.591266552880326,0.003943813118405073,0.30878492276231795,0.10158181818181819,3.039765661701716
1,S 22,2,0.6183295431300325,0.0028244720530065425,0.17503523364744245,0.07992429022082019,2.1900129880896455
1,S 51,0,0.6356006227556722,0.003331143322640332,0.4993124646121492,0.13950282485875706,3.579228342635283
1,S 51,1,0.6109562994685679,0.001532761651696413,0.32087680983580036,0.09979874213836477,3.2152390196554235
1,S 51,2,0.6172535290866947,0.0009954611761410184,0.17981072555205047,0.08233333333333334,2.1839359378791556
1,S 52,0,0.6363229941840527,0.0036939644508438094,0.503885539981117,0.1452984293193717,3.467935216791343
1,S 52,1,0.5976974973994605,0.0016284888244870212,0.3157818287457332,0.1100759493670886,2.8687631636284405
1,S 52,2,0.6126193685218334,0.0010942098829622737,0.18033263127314983,0.08789380530973452,2.0517103638608467
1,S 71,0,0.645574540180707,0.009493094375506389,0.4693415398908373,0.13089878542510122,3.585530135872721
1,S 71,1,0.6140844812366535,0.005414736766155563,0.34339797932876553,0.10467256637168143,3.280687492741842
1,S 71,2,0.6123583677503036,0.0030071041883838402,0.18726048078039717,0.08486842105263158,2.2064800836139824
1,S 72,0,0.6287166401048295,0.0042580179394384335,0.524808638600328,0.1513103448275862,3.4684253690541276
1,S 72,1,0.6105282833493472,0.0020219041206899963,0.3139010388190268,0.10150276243093923,3.0925369054127936
1,S 72,2,0.6387503294372726,0.0011906672709606624,0.16129032258064516,0.08000000000000002,2.0161290322580645
2,REST,0,0.6010218394779403,0.014305574705296543,0.46434308753583015,0.14208674698795182,3.2680253252275806
2,REST,1,0.5723403643679735,0.008269098081191945,0.34600119696349263,0.11547437582128779,2.996346111443601
2,REST,2,0.6014435737856414,0.005393734116960924,0.18965571550067722,0.08986567164179106,2.1104356317132327
2,S 21,0,0.6091010040863927,0.00249933461313221,0.35541021607748985,0.09539999999999998,3.7254739630764138
2,S 21,1,0.5960340708168633,0.0022158338998531585,0.36236443414189917,0.10238596491228069,3.5392002649225933
2,S 21,2,0.6356803482995296,0.0021942388313032145,0.282225349780611,0.08912418300653595,3.1666528686149515
2,S 22,0,0.635097198319549,0.00938491975666048,0.4246249646193037,0.11540000000000002,3.6795924143787153
2,S 22,1,0.6099302696545985,0.005281467908082192,0.3103028587602604,0.09450862068965518,3.283328615907161
2,S 22,2,0.6490643097175253,0.006475003205912919,0.2650721766204359,0.09092233009708738,2.9153693744692895
2,S 51,0,0.6280971811497685,0.0028675528157841397,0.3962821403752606,0.10734117647058822,3.6917998610145935
2,S 51,1,0.618224647836126,0.0021093725051188504,0.3468554551772064,0.09982500000000001,3.4746351633078527
2,S 51,2,0.6564110842293694,0.0018724474975088338,0.256862404447533,0.0850935251798561,3.0185892981236973
2,S 52,0,0.6095485649341843,0.0036813111432308495,0.47299088003741524,0.12511340206185567,3.7804973107802633
2,S 52,1,0.597554883699278,0.0019123102660149145,0.3155351157533713,0.09469005847953217,3.3322940213578613
2,S 52,2,0.6476337627465385,0.0019524258587420818,0.2114740042092135,0.08038518518518518,2.6307584379141007
2,S 71,0,0.6259629430010372,0.007619404870694059,0.419466227772937,0.11451982378854628,3.662826346532417
2,S 71,1,0.6130736907340879,0.004778868327486365,0.30667699357795203,0.09526817042606517,3.219091877238842
2,S 71,2,0.6507747375798738,0.005411997805797072,0.2738567786491109,0.09174054054054055,2.985122793429503
2,S 72,0,0.635522341251941,0.003901135766035153,0.4651901246328491,0.12739130434782608,3.651663094387553
2,S 72,1,0.6157596012348722,0.0021247614389489373,0.3246804794792411,0.09680473372781066,3.353973168214654
2,S 72,2,0.6531846245266372,0.0018232686859327536,0.21012939588790983,0.07901492537313433,2.6593633404778916
3,REST,0,0.6469399084104529,0.02385761641452211,0.39101004906389425,0.14633029908972695,2.6721058556993342
3,REST,1,0.599801703805656,0.009413672948387568,0.308463174281068,0.12415664335664335,2.484467733192489
3,REST,2,0.6471781344204603,0.015027635838977354,0.30052677665503774,0.12267801418439717,2.449719932728258
3,S 21,0,0.6268090613196586,0.001340913889595295,0.29127712496783603,0.1104390243902439,2.6374474654773135
3,S 21,1,0.6151355212384926,0.0021603260745664972,0.4370014581010378,0.11848837209302326,3.6881379192040487
3,S 21,2,0.6068161204099477,0.0011103707669197491,0.27172141693112617,0.0867945205479452,3.13062869885925
3,S 22,0,0.6168174481285685,0.003328372595872298,0.2631220534311158,0.09522274881516589,2.7632268203247774
3,S 22,1,0.6001628342300116,0.0058141414925044635,0.45290728129910945,0.11644444444444446,3.889470927187009
3,S 22,2,0.6124476363090194,0.003528902961926216,0.28397066526977477,0.08503529411764707,3.339444735463594
3,S 51,0,0.6237709546179622,0.0010800827886997743,0.24174871996849154,0.09516279069767442,2.5403702244978335
3,S 51,1,0.6193255610770023,0.002320668739824889,0.4970460811343048,0.12433497536945813,3.997636864907444
3,S 51,2,0.6185953306945003,0.0010982582268832804,0.2612051988972036,0.07579428571428572,3.4462386766443482
3,S 52,0,0.6285578210382387,0.0012275233683147193,0.2591842638125542,0.08904347826086957,2.9107607752386464
3,S 52,1,0.6174294791463909,0.0024114916646015387,0.5066531674862598,0.12237554585152839,4.14015041943882
3,S 52,2,0.6081003180636984,0.0009284694618399295,0.23416256870118599,0.07618823529411764,3.073474110500434
3,S 71,0,0.6176299031428137,0.0033961889824407677,0.2790440551114135,0.10018320610687023,2.7853376424562
3,S 71,1,0.5996306833422312,0.004854457048616272,0.4238816125191359,0.11263276836158194,3.76339513522708
3,S 71,2,0.6112874027903026,0.00343368966360063,0.2970743323694506,0.08994849785407726,3.302715881385723
3,S 72,0,0.6126049945455448,0.0013083049783040451,0.26086135247449943,0.09469714285714283,2.75469084498174
3,S 72,1,0.599015604656822,0.0027022128382480316,0.4734290391638333,0.1170272373540856,4.04546026948747
3,S 72,2,0.6045179467673691,0.001255742640944488,0.2657096083616673,0.08194174757281554,3.242664651807077
4,REST,0,0.5880778766011564,0.016364768846859674,0.454522775299366,0.1343731019522777,3.382542850434374
4,REST,1,0.5703751526716064,0.009747366753054997,0.31197170697346793,0.10764050632911393,2.8982742427799955
4,REST,2,0.5892827632084668,0.008006438061618992,0.233505517727166,0.09237735849056605,2.527735383892933
4,S 21,0,0.6380371877170699,0.0027489669566086415,0.36299475441106344,0.1021744966442953,3.552694325226514
4,S 21,1,0.5801346621120068,0.0011489469228380136,0.2632331902718169,0.08903225806451615,2.956604673342871
4,S 21,2,0.6525432892960492,0.002759324151459093,0.3737720553171197,0.10113548387096773,3.6957558416785887
4,S 22,0,0.6240862620001066,0.009643803975532684,0.462284971430299,0.1266335403726708,3.650572905644405
4,S 22,1,0.5853973559056057,0.003779934675275489,0.2655319406233939,0.08783000000000002,3.023248783142365
4,S 22,2,0.6527827817678682,0.006214869247714786,0.2721830879463071,0.08869950738916256,3.0685975148895
4,S 51,0,0.6407985644384278,0.004276200343625348,0.4789760560638505,0.12379874213836477,3.8689896826941794
4,S 51,1,0.5849433246525654,0.0013779342522739974,0.2776912594899747,0.10010526315789474,2.773992602686393
4,S 51,2,0.6623814335948848,0.002083415205392612,0.2433326844461748,0.07936507936507936,3.0659918240218027
4,S 52,0,0.616148104310776,0.004970543796897024,0.4895833333333333,0.1324334975369458,3.6968240093240095
4,S 52,1,0.5790357222803125,0.0017589452254268964,0.2724358974358974,0.09012048192771084,3.023018648018648
4,S 52,2,0.6281616486739539,0.0022695638300411995,0.23798076923076922,0.09075000000000001,2.6223776223776225
4,S 71,0,0.6366273950052722,0.008488544964038173,0.43198972842580347,0.11656692913385829,3.7059372811454363
4,S 71,1,0.5995492963805589,0.002599340070338435,0.2192047311493269,0.08165217391304348,2.6846159831919696
4,S 71,2,0.652086498525816,0.006175679608322176,0.34880554042486966,0.09218508997429306,3.783752237179986
4,S 72,0,0.6260351022749574,0.004401543097057557,0.4782440083766385,0.11579342723004696,4.130148142402854
4,S 72,1,0.5914991636449132,0.0016529499220956398,0.26774218568215313,0.08908387096774192,3.0055068641898703
4,S 72,2,0.631285272474799,0.0021980697743968756,0.2540138059412084,0.08851351351351353,2.8697742961296826
5,REST,0,0.6275963210391098,0.013479328124508787,0.36291095659218253,0.12190022675736964,2.9771146965503275
5,REST,1,0.6095965750840554,0.011945277277706941,0.34458921217849187,0.11734252873563221,2.9366097346924995
5,REST,2,0.6374983167007163,0.014413297413764311,0.2924998312293256,0.10818476903870163,2.7037062040099915
5,S 21,0,0.6517616028524822,0.0024652686945968085,0.3812807881773399,0.108,3.530377668308703
5,S 21,1,0.6422195401352674,0.0027013718022536595,0.4236453201970443,0.11727272727272728,3.61247947454844
5,S 21,2,0.66832388744679,0.0012539652976249166,0.19507389162561575,0.08123076923076925,2.401477832512315
5,S 22,0,0.6506432682003056,0.0076176596379353145,0.3775939165127052,0.10583114446529082,3.567890325862854
5,S 22,1,0.6464560447027182,0.007845820391122695,0.39068733767103114,0.11399218750000001,3.427316785819477
5,S 22,2,0.6613195043232432,0.004459489896524833,0.2317187458162637,0.08610945273631841,2.6909791951160735
5,S 51,0,0.6435258657363776,0.0019694949218662535,0.3846218985519519,0.11078048780487805,3.4719281903632826
5,S 51,1,0.648382499978535,0.002316326197323838,0.40740113472775,0.12179746835443038,3.344906427301211
5,S 51,2,0.6663052794813515,0.0012448030446309839,0.20797696672029808,0.07986991869918698,2.6039461427724615
5,S 52,0,0.6527258940302071,0.0031133419416312386,0.44872311286554417,0.13105882352941178,3.4238298557963422
5,S 52,1,0.6421104267063549,0.0020690588860500427,0.3530975590107146,0.11458823529411764,3.0814468702167086
5,S 52,2,0.6442733389589839,0.001189471762719092,0.19817932812374123,0.0756923076923077,2.6182228309030853
5,S 71,0,0.6518583745720553,0.006517489769939206,0.3541580957978254,0.10278891257995737,3.4454892741698497
5,S 71,1,0.6467316372776462,0.007105509139869102,0.4175727299441669,0.12042372881355934,3.4675286511901264
5,S 71,2,0.6603255398515454,0.004007242966799969,0.22826917425800763,0.0863111111111111,2.644725242433147
5,S 72,0,0.6431634502019999,0.0025524032335719235,0.3578084234066344,0.10909090909090909,3.2799105478941484
5,S 72,1,0.64240890573681,0.002779677445961741,0.4234066343645173,0.11957894736842105,3.5408125232948193
5,S 72,2,0.657330677215037,0.0015370132219368342,0.2187849422288483,0.0856934306569343,2.5531121878494223
6,REST,0,0.6068761064024465,0.016709592113513402,0.5068946344175702,0.1566745435016112,3.2353350013900473
6,REST,1,0.5812314658398101,0.006310411650958003,0.28127606338615513,0.10079701120797013,2.7905198776758406
6,REST,2,0.5941335354521688,0.0052109090667308115,0.21182930219627466,0.09111509715994022,2.3248540450375312
6,S 21,0,0.6911585127446607,0.004769663549447022,0.4644369544551033,0.12213636363636365,3.8026099732088845
6,S 21,1,0.6600056959092665,0.0026439224215842145,0.3244317690778671,0.0968774193548387,3.348889465041915
6,S 21,2,0.6661020874090856,0.0016532392478353312,0.21113127646702964,0.08009836065573772,2.635900095065249
6,S 22,0,0.6717374207842108,0.01359793216953208,0.46803153963203764,0.12105187835420395,3.8663715589984786
6,S 22,1,0.6465338511548838,0.007892709095014064,0.3349010928205838,0.09457031250000003,3.541292018259787
6,S 22,2,0.6708560070112479,0.004980696095299766,0.1970673675473786,0.07742391304347826,2.545303638124222
6,S 51,0,0.6326627099336238,0.0035202628491005335,0.45160505836575876,0.11086567164179104,4.073443579766537
6,S 51,1,0.6251042427324761,0.0023334105702515567,0.3332522697795071,0.0939657142857143,3.5465304798962385
6,S 51,2,0.6090460671876938,0.0014428612378156692,0.21514267185473412,0.07863703703703703,2.735894941634241
6,S 52,0,0.6430445465378274,0.00476431690006669,0.4818930316620925,0.12412068965517241,3.8824553182943973
6,S 52,1,0.6110840666703726,0.0024978828223768627,0.34105361804672335,0.09435185185185187,3.6146997791016804
6,S 52,2,0.6261950154635483,0.0014769953327880957,0.17705335029118416,0.07557142857142858,2.342860967936274
6,S 71,0,0.6639130445602422,0.012513139192959412,0.4511538681784344,0.11628782287822878,3.879631220294337
6,S 71,1,0.642201521178424,0.008519437987176122,0.3583290385386245,0.09682785299806579,3.700681440760465
6,S 71,2,0.6489959847422251,0.004196225263334974,0.19051709328294109,0.07561363636363637,2.5196128958369126
6,S 72,0,0.6531602331062534,0.004985339958986647,0.47500866551126514,0.12747906976744186,3.7261698440207973
6,S 72,1,0.6330678536345072,0.0029785239315354025,0.349948006932409,0.09615238095238098,3.639514731369151
6,S 72,2,0.6322249355116184,0.0015200639999269148,0.17504332755632582,0.0776923076923077,2.2530329289428077
7,REST,0,0.57661007333626,0.010801242923552092,0.33645848485249197,0.1175242494226328,2.862885630033191
7,REST,1,0.5763943907011753,0.015429277074315002,0.5019769117860968,0.15525971370143152,3.233143355857345
7,REST,2,0.5726330316566216,0.004155086843106853,0.1615646033614112,0.08696085409252668,1.8579003742247728
7,S 21,0,0.6649298494960774,0.003381012276672795,0.4559985469076378,0.11476571428571426,3.9732994278448825
7,S 21,1,0.6589593844067514,0.002961713665800318,0.4363818000181637,0.11508982035928145,3.7916628825719734
7,S 21,2,0.6734939894224301,0.000721055406233744,0.10761965307419853,0.06676056338028168,1.6120243392970666
7,S 22,0,0.6557372714843861,0.007340345715338023,0.43158464034613303,0.10684518828451883,4.0393455922120065
7,S 22,1,0.668609346578019,0.008487655754138818,0.4537249864791779,0.12544859813084114,3.6168199026500814
7,S 22,2,0.6437463876555534,0.0015544916714205544,0.11469037317468903,0.0696,1.647850189291509
7,S 51,0,0.639612450504184,0.003391002110428164,0.47995188452285487,0.1215228426395939,3.949478748997594
7,S 51,1,0.645359985195204,0.0028831012993468037,0.42181234963913394,0.11820224719101124,3.5685645549318363
7,S 51,2,0.6178798199108456,0.0005417054141682045,0.09823576583801123,0.07538461538461538,1.3031275060144347
7,S 52,0,0.6492182729459781,0.0032091977174370486,0.43389124689677266,0.11589304812834227,3.743893649395371
7,S 52,1,0.6497873213064076,0.00341302264880086,0.4416593256987267,0.12324022346368717,3.5837270761592057
7,S 52,2,0.6501776815515139,0.0007318842095042904,0.12444942740450068,0.06984269662921348,1.7818531272523426
7,S 71,0,0.633841366391832,0.007596112318968462,0.4440229581739016,0.11730718954248368,3.7851299643752476
7,S 71,1,0.6317660101438567,0.007194414784522327,0.4341271935611558,0.12214385150812067,3.554228790077847
7,S 71,2,0.6100878752850066,0.0017450476246213028,0.1218498482649426,0.07462626262626264,1.632801161103048
7,S 72,0,0.6389255004449749,0.002528128232975081,0.3755813953488372,0.10179393939393941,3.6896243291592126
7,S 72,1,0.6329970330657251,0.0030914275177117965,0.48846153846153845,0.14002564102564102,3.488372093023256
7,S 72,2,0.6335945724486846,0.0007342032926580572,0.13595706618962433,0.07152941176470587,1.9007155635062614
8,REST,0,0.5783778982682363,0.009163883747799717,0.3604718513809423,0.11429339305711086,3.1539167902804266
8,REST,1,0.5744031964027033,0.010876960517414644,0.42976619340255706,0.12755136268343817,3.36935791481246
8,REST,2,0.5832425345364797,0.005277432438337218,0.20976195521650068,0.09039878234398782,2.320406865861411
8,S 21,0,0.587631928200786,0.0023917985067195115,0.3583723442563918,0.10701075268817206,3.3489377025567157
8,S 21,1,0.5969901291053669,0.0029993973003992662,0.4226143320129636,0.11284615384615385,3.7450486136118113
8,S 21,2,0.611209163249606,0.0016040174828134703,0.21901332373064458,0.08218918918918919,2.6647461289160965
8,S 22,0,0.5933405314715017,0.0077260590680263246,0.3815912008255518,0.10510225303292896,3.630666230399436
8,S 22,1,0.5888150337935275,0.0088089702921978,0.43623367144043695,0.11891595197255575,3.6684201253429314
8,S 22,2,0.5976704709915428,0.00354163280414996,0.18217512773401123,0.07867391304347826,2.315572223201027
8,S 51,0,0.611791872000257,0.0027811633589656624,0.3645987390052152,0.1046703910614525,3.483303494979373
8,S 51,1,0.5999997838367707,0.0026133926290443747,0.379933058301549,0.11621428571428571,3.2692457383046625
8,S 51,2,0.593692660776202,0.0017116508421235925,0.2554682026932358,0.08694039735099338,2.938429205261929
8,S 52,0,0.6027746642516733,0.003096157481021015,0.3730005973319174,0.10171945701357464,3.6669542709232097
8,S 52,1,0.5957211163134314,0.003317230185298616,0.42311010818344724,0.11538461538461539,3.6669542709232097
8,S 52,2,0.6007212149762801,0.0015436757519571868,0.2038892944846353,0.08593006993006994,2.3727351164797237
8,S 71,0,0.5951914970796937,0.006863300415483734,0.3785640944633125,0.10476502732240438,3.6134586525550905
8,S 71,1,0.5886013043376738,0.007351661564169596,0.43635310533659794,0.11692416225749558,3.7319327067372248
8,S 71,2,0.5905885351846628,0.002960010262845687,0.18508280020008952,0.07662125340599456,2.4155543269357342
8,S 72,0,0.5998436766625925,0.0032033840163700656,0.3967973773799017,0.10490000000000001,3.7826251418484427
8,S 72,1,0.5825798641936566,0.0030709352918878363,0.40625394023452277,0.10740000000000001,3.7826251418484427
8,S 72,2,0.6086789916173191,0.001431193365023023,0.19694868238557559,0.07350588235294118,2.67935947547598
9,REST,0,0.5785492923324845,0.007265363384479001,0.2864650272755834,0.09992528019925281,2.8667923342758406
9,REST,1,0.5781898579437611,0.009971206268013646,0.370205352297718,0.11987976878612716,3.0881386913432154
9,REST,2,0.6018932908365985,0.010979562726299139,0.3433296204266987,0.11448571428571432,2.9988861280095964
9,S 21,0,0.5820253723362315,0.0018980220937167263,0.294578968458412,0.09992233009708738,2.948079455034633
9,S 21,1,0.5890078021613281,0.0026933220712646103,0.3916079912988723,0.11794827586206899,3.3201671532428874
9,S 21,2,0.6066655605944441,0.0025364910964734335,0.31381304024271567,0.09967272727272729,3.148434369454462
9,S 22,0,0.5922319097237786,0.006099427455381919,0.29692429749626376,0.09494395280235988,3.1273639735050462
9,S 22,1,0.5927482803359275,0.00888742824231854,0.39858668979132456,0.11092682926829268,3.5932397276702526
9,S 22,2,0.6037199871829814,0.007362238221917152,0.3044890127124117,0.09956561085972851,3.0581745050646694
9,S 51,0,0.5942143697573314,0.0021947388438555322,0.30686115613182063,0.09555140186915888,3.2114772795485926
9,S 51,1,0.5964264870096578,0.003200906822560073,0.389219040758749,0.11083760683760684,3.5116153430578065
9,S 51,2,0.6072983011398031,0.002717956550500429,0.30391980310943034,0.09831067961165049,3.091422054144907
9,S 52,0,0.5916439294694694,0.0023250076712209465,0.30272296328960424,0.09895495495495497,3.059199647227428
9,S 52,1,0.590713776097958,0.003433205833278598,0.42250027560357184,0.1188372093023256,3.5552860765075516
9,S 52,2,0.5968932536803506,0.002456490562113116,0.2747767611068239,0.09231481481481482,2.976518575680741
9,S 71,0,0.5876319257520178,0.005199925642839876,0.3043080939947781,0.0999,3.0461270670147957
9,S 71,1,0.596639715398477,0.007864620060609402,0.3973237597911227,0.1168704,3.3996953872932982
9,S 71,2,0.6039650357503515,0.006184996822450439,0.29836814621409924,0.09865467625899281,3.0243690165361183
9,S 72,0,0.5909627863307407,0.002396991885711218,0.3244750656167979,0.10691891891891894,3.034776902887139
9,S 72,1,0.5837492377236887,0.0029667325719436627,0.3952865266841645,0.10591941391941392,3.731955380577428
9,S 72,2,0.5965686874456115,0.0023270727440818356,0.28023840769903763,0.09534883720930233,2.9390857392825898
10,REST,0,0.571985080621975,0.006179944495982569,0.2789406983350085,0.10989383070301292,2.5382744104065607
10,REST,1,0.5824282903224174,0.008506175432470037,0.4155340937231424,0.1302557077625571,3.1901411528208716
10,REST,2,0.5832072736628944,0.006253973307401379,0.3055252079418491,0.10938200782268578,2.7931943655406486
10,S 21,0,0.593426527748366,0.00226638767757861,0.3901890784080391,0.11083568075117371,3.520428401428005
10,S 21,1,0.5817480312210885,0.0023412599306576673,0.3932963109877033,0.11440384615384615,3.4377892370752345
10,S 21,2,0.5934922860929029,0.0013883352148861112,0.21651461060425756,0.08397435897435897,2.578341927806426
10,S 22,0,0.5766797186811579,0.00560731677324821,0.38283715966119397,0.12128776978417267,3.1564366328314826
10,S 22,1,0.5831259152562511,0.005892627935232543,0.39262438404069305,0.11584589614740368,3.389195449281286
10,S 22,2,0.5810197953673262,0.003568981845129114,0.22453845629811295,0.08848322147651008,2.5376388037332243
10,S 51,0,0.5805711706631784,0.0015772316711157466,0.3528672207864776,0.11226666666666665,3.1431165747014043
10,S 51,1,0.584177703299958,0.0020067565348796256,0.41209750646085075,0.11800000000000001,3.492351749668227
10,S 51,2,0.5719410142418964,0.0010889132398924808,0.23503527275267164,0.09897058823529413,2.374799189774394
10,S 52,0,0.5738685110258148,0.0021119271887453947,0.371669955599408,0.10908597285067874,3.407128761716823
10,S 52,1,0.567561067816845,0.002131819636615623,0.41570054267390233,0.11672727272727274,3.561297483966453
10,S 52,2,0.5798144783121187,0.0010351656453115735,0.21262950172668968,0.08674213836477987,2.451282683769117
10,S 71,0,0.585063360193874,0.004784432430826206,0.3523343196040952,0.11006952965235177,3.201015946165327
10,S 71,1,0.5821769149033424,0.006364380882859591,0.4178995051190071,0.1191044776119403,3.5086800555104607
10,S 71,2,0.5663293574137163,0.0029784142845054934,0.2297661752768977,0.09335106382978724,2.4613128747610693
10,S 72,0,0.5630737828504003,0.001995434857677828,0.364793483103163,0.1123921568627451,3.2457201043721757
10,S 72,1,0.5731582823607324,0.002242065837391645,0.4087698084388723,0.11949767441860465,3.4207344237255777
10,S 72,2,0.5625673519951777,0.0011918190219109338,0.22643670845796474,0.09181935483870969,2.466110863616114
11,REST,0,0.5964454612744807,0.01221975693271676,0.4168266067119982,0.1372686230248307,3.0365760035095417
11,REST,1,0.5799344617005965,0.008364438513367333,0.31605066900636103,0.11191262135922331,2.824084228997587
11,REST,2,0.59521954620781,0.00899872219968427,0.2671227242816407,0.11461764705882353,2.3305549462601447
11,S 21,0,0.6541728926043776,0.003021115134540577,0.3896026036313806,0.11589808917197451,3.3615964371360056
11,S 21,1,0.6424951373737754,0.0023069545439157015,0.3389859540938678,0.10843835616438355,3.1260705721137376
11,S 21,2,0.7042228194881575,0.00260369077225122,0.2714114422747516,0.09903125000000002,2.7406646111682083
11,S 22,0,0.6520382965943681,0.010927164160283514,0.4387157253339583,0.12503153988868274,3.508840455172773
11,S 22,1,0.6383925240319811,0.008378059669634955,0.36262791969377395,0.10753667953667956,3.372132385490717
11,S 22,2,0.6591741869395011,0.0045210625485045345,0.1986563549722678,0.08247567567567567,2.4086659896362264
11,S 51,0,0.6639671776923228,0.0031826479436881327,0.4423146148308135,0.11772455089820362,3.757199424046076
11,S 51,1,0.6309532313216007,0.001850765388212455,0.351601871850252,0.10631292517006803,3.3072354211663066
11,S 51,2,0.6910687338211763,0.001659279282325823,0.20608351331893449,0.08252252252252253,2.497300215982721
11,S 52,0,0.661876381915743,0.0034510070611944187,0.40308422301304864,0.11784971098265895,3.420324238829577
11,S 52,1,0.6508497138526737,0.0029564210580643123,0.388928430209569,0.11371098265895951,3.420324238829577
11,S 52,2,0.6704069255678871,0.001792791674843447,0.20798734677738237,0.08622950819672134,2.4120205614867536
11,S 71,0,0.6530513160763275,0.012478972663939748,0.4699338982557293,0.13972294372294375,3.363326635799773
11,S 71,1,0.6336848788247705,0.007318915957500649,0.3265775603506013,0.10914841849148418,2.992050318860837
11,S 71,2,0.6504012394460339,0.004786403975076517,0.20348854139366937,0.08574233128834355,2.3732564572959434
11,S 72,0,0.6437502993550422,0.005141980215846075,0.43869523504956826,0.13254106280193237,3.3098816757275347
11,S 72,1,0.624856577316935,0.004144244578418238,0.3870163095618804,0.11636538461538462,3.325871442276943
11,S 72,2,0.66208997905372,0.001991886162601792,0.17428845538855134,0.08257575757575757,2.110649184521906
12,REST,0,0.6758210201938164,0.027420680269270564,0.4909342880240212,0.1486688524590164,3.3022000230973556
12,REST,1,0.6379767072368043,0.010558087323466381,0.3002800554336528,0.11020397350993379,2.724766139277053
12,REST,2,0.659206675394077,0.009615196260098165,0.2087856565423259,0.09153797468354431,2.280863841090195
12,S 21,0,0.6860808255471389,0.0043399479422497386,0.5097654974198184,0.14319266055045873,3.559997387157881
12,S 21,1,0.6411075746032121,0.001941695960965039,0.3292834280488601,0.10447668393782385,3.151740806061794
12,S 21,2,0.6740524426990777,0.001246731620463687,0.16095107453132146,0.0764031007751938,2.10660395845581
12,S 22,0,0.6797876832453935,0.012462348505895622,0.521069314831645,0.14203625377643506,3.668565601932924
12,S 22,1,0.6384203498556299,0.004677940196303153,0.3070733491454791,0.09687412587412589,3.1698180125462727
12,S 22,2,0.6661714210092453,0.0032325640511592815,0.1718573360228759,0.07600980392156864,2.2609890718861525
12,S 51,0,0.6816748961451452,0.0036736515648501363,0.4787344758204399,0.13333333333333333,3.590508568653299
12,S 51,1,0.6555264205130467,0.0018918597357409157,0.35592867550128354,0.10857142857142858,3.2782904322486646
12,S 51,2,0.6706534733194327,0.001026195128370909,0.16533684867827655,0.07813114754098359,2.1161451467425243
12,S 52,0,0.6919138586469532,0.004182175208384045,0.45573176823176825,0.11772580645161293,3.871128871128871
12,S 52,1,0.6453643803492216,0.0021833332649426494,0.37512487512487513,0.10140084388185655,3.6994255744255744
12,S 52,2,0.6702085926343453,0.0010862270301692286,0.16914335664335664,0.07685106382978722,2.200924075924076
12,S 71,0,0.6930837616766506,0.012163719208601997,0.5186634025692148,0.1424679376083189,3.6405622996744316
12,S 71,1,0.6291767325788478,0.004497437280014499,0.32617419175731266,0.09717293233082708,3.3566362971001693
12,S 71,2,0.6661776292920505,0.002857058932180837,0.15516240567347248,0.07543558282208589,2.056886151982434
12,S 72,0,0.6820511985362763,0.0043338811389625285,0.5136176935229068,0.14074458874458876,3.649289099526066
12,S 72,1,0.6403198879623341,0.0016943182396788117,0.31772511848341234,0.09622966507177035,3.3017377567140604
12,S 72,2,0.6447621080694772,0.0012557336324682104,0.16865718799368087,0.08149618320610685,2.069510268562401
13,REST,0,0.5685502143682183,0.011628965902944478,0.2862964791238563,0.1081952277657267,2.646110046034279
13,REST,1,0.5734457361933809,0.02889714718501158,0.5788035679436109,0.18830625583566762,3.073735205317476
13,REST,2,0.5639804169657916,0.005178997014883353,0.1348999529325328,0.08704444444444445,1.5497824564625928
13,S 21,0,0.6054077689176652,0.0018976131961649426,0.43532145623547636,0.12898360655737706,3.375013832023902
13,S 21,1,0.6079848727643063,0.0020815832752763283,0.4398583600752462,0.14070796460176993,3.1260374017926305
13,S 21,2,0.573904585637127,0.0004163949448531747,0.12482018368927741,0.06836363636363638,1.825827155029324
13,S 22,0,0.6036734696543788,0.005917982170444861,0.438349306250894,0.12136633663366339,3.6117865827492492
13,S 22,1,0.5794013835839803,0.005539707716836532,0.4337004720354742,0.13005898123324397,3.334644542983836
13,S 22,2,0.5727293692251053,0.0011847893038236116,0.12795022171363182,0.07454166666666669,1.7164926333857817
13,S 51,0,0.6342087379439532,0.0023732012156681094,0.4740300375469337,0.11729032258064516,4.0415102211097205
13,S 51,1,0.6120909219251169,0.002042302307545471,0.4193783896537338,0.12093233082706767,3.4678765123070505
13,S 51,2,0.5706652517600804,0.00033859765376736343,0.1065915727993325,0.06813333333333332,1.5644555694618272
13,S 52,0,0.6021041696751113,0.0016994289946459348,0.3999146848672283,0.11194029850746268,3.5725711848139063
13,S 52,1,0.5996848504194524,0.002117898880089549,0.4886424229497707,0.15532203389830507,3.1459955209555295
13,S 52,2,0.5345056631179655,0.0002994661762643266,0.11144289218300096,0.07333333333333335,1.5196758024954677
13,S 71,0,0.6104709515990348,0.005439482543878455,0.4540584290449395,0.12336125654450263,3.680721498496878
13,S 71,1,0.589861221074981,0.005501703056907261,0.43960533415555386,0.12568595041322314,3.4976489632313266
13,S 71,2,0.5739453160808982,0.0009566512729885212,0.10633623679950667,0.0730860927152318,1.4549448855314886
13,S 72,0,0.5891883714940024,0.0016801526693118176,0.3789995949777238,0.10849275362318841,3.4933171324422845
13,S 72,1,0.5868932484576473,0.002784880017498375,0.5188335358444714,0.16012500000000002,3.240178209801539
13,S 72,2,0.5381051099124244,0.000298948943631402,0.10216686917780478,0.07338181818181819,1.3922640745240988
14,REST,0,0.6060987081241435,0.01332145308219732,0.5020687338737996,0.1412889366272825,3.5534893662498663
14,REST,1,0.5820729657289905,0.00677210169515553,0.32347058733721124,0.1036039119804401,3.12218507152781
14,REST,2,0.5928358709928309,0.003869463924102801,0.17446067878898913,0.08656818181818182,2.015297943480053
14,S 21,0,0.6140107845572724,0.002838866362292753,0.5140379113018598,0.13369767441860467,3.8447782546494995
14,S 21,1,0.5910574136153457,0.0014105224586162687,0.3226931330472103,0.09754054054054054,3.3082975679542206
14,S 21,2,0.5864229332973806,0.0006351885889589121,0.1632689556509299,0.07231683168316833,2.257689556509299
14,S 22,0,0.6101730915052177,0.009494622367690343,0.4939026024496797,0.13475685557586842,3.6651389670606527
14,S 22,1,0.5871021455995351,0.00481118750802245,0.329313071212243,0.0988893360160966,3.330117123636461
14,S 22,2,0.5978376632327698,0.0027607235520911624,0.17678432633807725,0.07852380952380952,2.251346787810565
14,S 51,0,0.6082067924562539,0.002831508231867709,0.48339234530433317,0.13412865497076024,3.603945371775417
14,S 51,1,0.579368007347406,0.0015095356831232912,0.33839150227617604,0.09389473684210527,3.603945371775417
14,S 51,2,0.5831749248910685,0.0007547848123403049,0.17821615241949082,0.0782962962962963,2.276176024279211
14,S 52,0,0.6217299930372615,0.003200024037885521,0.47292736610418196,0.12827860696517412,3.6867204695524576
14,S 52,1,0.5994690555239006,0.0018413360033084332,0.3358767424798239,0.0989837837837838,3.393250183418929
14,S 52,2,0.6063167921100135,0.0009983307504577638,0.19119589141599413,0.07445714285714285,2.5678650036683783
14,S 71,0,0.6196355637607148,0.009164980206149219,0.4748084318073371,0.1237001828153565,3.838381003171752
14,S 71,1,0.5908687248924008,0.004975205371594036,0.33906868386336203,0.09881390593047036,3.431386308137087
14,S 71,2,0.5818356777597083,0.002473947693280203,0.18612288432930083,0.07847337278106509,2.3717966710640805
14,S 72,0,0.629826797164821,0.0039816447624769135,0.4893780573025856,0.14076381909547742,3.476589797344514
14,S 72,1,0.5879582396755534,0.0020962843412142924,0.35932914046121595,0.11239344262295081,3.1970649895178194
14,S 72,2,0.5996840227133209,0.0009407415246351483,0.15129280223619845,0.07530434782608696,2.0090845562543675
15,REST,0,0.5937364288202749,0.01009344155165901,0.37005480390477824,0.11948847926267282,3.096991493977279
15,REST,1,0.5875822558665199,0.010538901629811782,0.408545983901353,0.12894594594594597,3.1683507449905806
15,REST,2,0.5973020008199501,0.005770366351800241,0.22139921219386882,0.09459146341463416,2.3405834332362847
15,S 21,0,0.6340399766673307,0.0028104102769936964,0.36779133764058386,0.10190055248618785,3.609316423386775
15,S 21,1,0.6476179454800121,0.0037506218556144404,0.39403366036531867,0.11039106145251396,3.569434473957087
15,S 21,2,0.6476177374297167,0.0019724469369090123,0.23817500199409747,0.08352447552447552,2.851559384222701
15,S 22,0,0.6571198133073379,0.011285904646837246,0.39441971838317585,0.11436981132075472,3.4486348611436455
15,S 22,1,0.6309204055257045,0.00924649273924789,0.3648785820254548,0.10952343750000001,3.331511413029333
15,S 22,2,0.6491109718234633,0.006144001108294454,0.2407016995913693,0.08543187066974597,2.817469612972072
15,S 51,0,0.6341739021793502,0.0024184795422974815,0.33091889160279625,0.10139354838709679,3.2637075718015662
15,S 51,1,0.6315826789669744,0.002977877379691962,0.4323254442853533,0.11158695652173915,3.8743367303966982
15,S 51,2,0.6485131692012072,0.0016292346631928431,0.23675566411185042,0.08716279069767442,2.716246946854207
15,S 52,0,0.6413074884938208,0.003740807051272472,0.39995854635898853,0.11295609756097562,3.540831836396297
15,S 52,1,0.6337384045047666,0.0041506918348877715,0.43927041591819815,0.12226923076923078,3.592648887660633
15,S 52,2,0.6566238121111762,0.0013426390930463751,0.16077103772281331,0.07692561983471076,2.089954400994887
15,S 71,0,0.6279779190728659,0.0073862780339786155,0.35642861369149753,0.10927891156462587,3.261641322998639
15,S 71,1,0.6169308681444317,0.0073321921000063265,0.3890006508490622,0.11409110629067246,3.409561564404473
15,S 71,2,0.6437276477350625,0.0051788676068301115,0.25457073545944026,0.09178666666666666,2.773504526359387
15,S 72,0,0.6577926443647288,0.004856226163644178,0.4051718817502932,0.12328638497652583,3.2864284391779304
15,S 72,1,0.6298426738058531,0.0052248532923271935,0.44059742023082143,0.1269155555555556,3.471579337159785
15,S 72,2,0.6560981341886223,0.0017517269554658372,0.1542306980188854,0.0876842105263158,1.7589335308276246
16,REST,0,0.5932071405841162,0.01492345541789068,0.42870394306655923,0.13819607843137255,3.1021426073204483
16,REST,1,0.579725493025232,0.007609214072338577,0.2990070102340293,0.10893628808864268,2.744787944222259
16,REST,2,0.5745251030799057,0.0072809946680757005,0.2722890466994115,0.10261318051575931,2.6535484557716575
16,S 21,0,0.6244915986830224,0.0037825338959179937,0.4461693548387097,0.13344723618090454,3.343413978494624
16,S 21,1,0.6296092008440306,0.0023594008253646046,0.33877688172043013,0.1165549132947977,2.9065860215053765
16,S 21,2,0.6253097731484946,0.0016118240870698442,0.21505376344086022,0.09078014184397164,2.368951612903226
16,S 22,0,0.6067702249721431,0.010428933367232595,0.4579266869017044,0.12988741721854305,3.52556619192155
16,S 22,1,0.6031365022005812,0.006821650366411976,0.3470931590007004,0.10637567084078711,3.2628998365631565
16,S 22,2,0.5833387182146863,0.0035712604633656394,0.19498015409759514,0.082479012345679,2.363997198225543
16,S 51,0,0.627987739379393,0.0031626957332031515,0.443019943019943,0.12246632124352333,3.6174838806417755
16,S 51,1,0.5953111821719108,0.001969489666197793,0.3546258809416704,0.09854166666666668,3.598740440845704
16,S 51,2,0.6314089862753632,0.0013485241112343059,0.20235417603838657,0.0771142857142857,2.6240815714499925
16,S 52,0,0.6136172349939139,0.0038296504735224673,0.4437937619350732,0.1367058823529412,3.246339910884787
16,S 52,1,0.5960753093774076,0.0025156791933497193,0.38211330362826224,0.12006,3.182686187141948
16,S 52,2,0.5739950924328117,0.001021195194498449,0.17409293443666454,0.08164179104477612,2.1323997453851047
16,S 71,0,0.6192742767131858,0.009308662929690324,0.4450589790024962,0.12717482517482517,3.499583965542558
16,S 71,1,0.6023775479532463,0.005741383271071741,0.3428858107777397,0.10634535104364329,3.2242670451764477
16,S 71,2,0.6122187587933499,0.0035180012250115673,0.2120552102197641,0.08213270142180094,2.5818608976555235
16,S 72,0,0.626144985641318,0.0047982682617632505,0.493605359317905,0.14473214285714286,3.41047503045067
16,S 72,1,0.5936496168951435,0.0025062377894159494,0.348721071863581,0.1075305164319249,3.2429963459196105
16,S 72,2,0.6100780499429058,0.0012324934641290658,0.15767356881851402,0.0755912408759124,2.0858708891595614
17,REST,0,0.5414257536223996,0.009421170179843787,0.33321300724964653,0.11288662420382166,2.951749240441597
17,REST,1,0.5267699586541643,0.00912601331561357,0.40252083145323825,0.12447441860465117,3.2337634990825137
17,REST,2,0.535752969562604,0.00631948286335501,0.26426616129711517,0.1002567760342368,2.63589327076377
17,S 21,0,0.5443701302975672,0.001765635510078842,0.33035203205495134,0.093746192893401,3.52389811104751
17,S 21,1,0.5360842256781269,0.0018743410211028814,0.38322839152833427,0.11043298969072164,3.4702346880366344
17,S 21,2,0.5497849112180977,0.0015458501697239039,0.2864195764167144,0.0936374269005848,3.0588151116199196
17,S 22,0,0.5472248659723873,0.004877156046651492,0.3183119343296148,0.10201011804384486,3.120395706167123
17,S 22,1,0.5465536094732322,0.006095639262958867,0.4052199536939592,0.11545427286356823,3.5097874131761735
17,S 22,2,0.5485273647837402,0.004635600355057622,0.276468111976426,0.09622710622710624,2.873079351715428
17,S 51,0,0.5609128055071525,0.0011798386445362329,0.3068033854166667,0.09544303797468354,3.2145182291666665
17,S 51,1,0.5462986600486059,0.0015064167151372005,0.3846028645833333,0.10864367816091952,3.5400390625
17,S 51,2,0.5493369825368905,0.0013062116767190688,0.30859375,0.09421118012422361,3.2755533854166665
17,S 52,0,0.5503674419293504,0.0015654349454668657,0.29213116891583546,0.09794535519125683,2.98259338939957
17,S 52,1,0.5245364334304029,0.0020521720515852644,0.4030249690331834,0.10941592920353983,3.6834213442858075
17,S 52,2,0.5419610492561713,0.0022373307626316306,0.3048438620509812,0.09542857142857145,3.194471608318665
17,S 71,0,0.5491339954155174,0.003952860304725346,0.31309056450521183,0.0951769547325103,3.2895627453634764
17,S 71,1,0.532388869923966,0.0041163542715527855,0.3777176120211182,0.11050297029702971,3.4181670502233654
17,S 71,2,0.5446055897863706,0.004057990857511189,0.30919182347366997,0.09802575107296138,3.1541897928793827
17,S 72,0,0.5474379832524058,0.0015227704555418728,0.2856794191225822,0.09458585858585859,3.020318506315211
17,S 72,1,0.5272140880010289,0.001958625604792957,0.3842211239245836,0.11607373271889403,3.3101470498505092
17,S 72,2,0.5296394928028967,0.0017129855198466403,0.3300994569528342,0.10504854368932039,3.1423515772774424
18,REST,0,0.6392722312316776,0.0124030654434614,0.35142092257001645,0.1154154589371981,3.044834078606731
18,REST,1,0.6206416585834872,0.010781302554904504,0.3444486938103083,0.10536332958380203,3.269151565074135
18,REST,2,0.648713113651456,0.011465812457770008,0.3041303836196752,0.10073568818514009,3.0190927277006354
18,S 21,0,0.6398262629716422,0.002292550140877198,0.32235754021951585,0.10587654320987655,3.044654939106901
18,S 21,1,0.625297250053638,0.002350293613207676,0.35956998947526686,0.1017659574468085,3.533303262667268
18,S 21,2,0.6653095534662312,0.0027870142896715493,0.31807247030521724,0.09350276243093922,3.4017440986317844
18,S 22,0,0.6253985184529199,0.0064027793889028795,0.358146906747733,0.10267411545623836,3.4881908176786967
18,S 22,1,0.6306755158066868,0.006269719062920521,0.3523787252838621,0.10293738140417458,3.423233819211682
18,S 22,2,0.6575996784698533,0.006324266402881916,0.2894743679684049,0.09076171079429737,3.1893886247304284
18,S 51,0,0.6380398123681236,0.0022916330551614335,0.34820331695331697,0.10365714285714286,3.3591830466830466
18,S 51,1,0.6203174360638759,0.0022590985853829203,0.304745085995086,0.10176923076923076,2.9944717444717446
18,S 51,2,0.6672413664823671,0.003345225092629827,0.34705159705159705,0.10390804597701149,3.339987714987715
18,S 52,0,0.63924911134621,0.0023870931865864926,0.34003552397868564,0.10292473118279569,3.3037300177619895
18,S 52,1,0.6320540292929117,0.002678484769626092,0.37072824156305506,0.10488442211055277,3.5346358792184724
18,S 52,2,0.6491606061368035,0.002447332516074228,0.2892362344582593,0.09252272727272728,3.126110124333925
18,S 71,0,0.664497788335323,0.008892859597876328,0.3666729673534415,0.10465510597302505,3.5036318958766506
18,S 71,1,0.6424810691429508,0.006521223595904354,0.32489941403612993,0.09625600000000001,3.3753679151027463
18,S 71,2,0.6819672821336785,0.008586930816657129,0.30842761861042856,0.09598319327731093,3.2133502551778146
18,S 72,0,0.6716222329614209,0.0035609747185571614,0.37379628373796286,0.09799111111111113,3.814593788145938
18,S 72,1,0.6594873460998691,0.003207075818864577,0.3470771734707717,0.10035294117647059,3.45856503458565
18,S 72,2,0.6914570548782275,0.003087068452494272,0.2791265427912654,0.08665263157894736,3.2212125322121254
19,REST,0,0.6168595218434415,0.01166733251695018,0.4263957923939429,0.13307779030439687,3.204109351520055
19,REST,1,0.5976168831026436,0.007143229189779266,0.31879262513004275,0.10990286425902865,2.9006762224020344
19,REST,2,0.6101659175822703,0.006168650843075436,0.2548115824760143,0.09879551820728293,2.5791815975031787
19,S 21,0,0.6284631825615993,0.0021761974112312565,0.38769294663251885,0.11430612244897961,3.391707620959369
19,S 21,1,0.6090690739094143,0.0017335548537557454,0.31978957569045474,0.09989189189189188,3.2013566830483837
19,S 21,2,0.6314399399290513,0.0017102398298443045,0.29251747767702635,0.10122155688622757,2.8898733301031356
19,S 22,0,0.6289278473314256,0.007013567521163635,0.3648286076112387,0.11369230769230769,3.208911974929704
19,S 22,1,0.6121517697292757,0.005474670869571548,0.33411320268732964,0.10464537815126052,3.192813754319689
19,S 22,2,0.6349351380380085,0.005922450848754838,0.30105818970143167,0.09860105448154657,3.0532958423662238
19,S 51,0,0.6426947268884988,0.0021768002688634398,0.3485049344527913,0.11069005847953217,3.1484754750331416
19,S 51,1,0.6197887534650516,0.0015775882043724504,0.31823538076299895,0.09655865921787708,3.2957725732803063
19,S 51,2,0.6382505529235868,0.0019257198390151855,0.33325968478420975,0.10584795321637427,3.1484754750331416
19,S 52,0,0.6296108829970448,0.003118553285917967,0.3889792231255646,0.11184415584415586,3.4778681120144537
19,S 52,1,0.607067711991631,0.0019447225235038378,0.3189400782896718,0.09853023255813956,3.2369768142125865
19,S 52,2,0.6458835043163771,0.0021614516873349706,0.2920806985847636,0.10486486486486486,2.785305630834086
19,S 71,0,0.6488927837779557,0.00789843658728481,0.40779497299543,0.12011472275334609,3.3950457000415453
19,S 71,1,0.6114322193402221,0.004611356917502596,0.31574574158703783,0.0974749498997996,3.239250103863731
19,S 71,2,0.6405709127643157,0.004527405648003809,0.2764592854175322,0.09198272138228943,3.0055567095970086
19,S 72,0,0.6519720822435808,0.002983702567639323,0.3752489488824961,0.11258091286307055,3.3331489267537067
19,S 72,1,0.6136220349791881,0.0022839231252170383,0.35621818986501436,0.1042753036437247,3.416131887585749
19,S 72,2,0.642575948152314,0.0021222237686369353,0.2685328612524895,0.09425242718446604,2.849081655233459
20,REST,0,0.5808240321379867,0.009436755287355124,0.33628141631033315,0.11979726027397262,2.8070877041867908
20,REST,1,0.550283329166117,0.009792091445814074,0.40662011259113423,0.13103345724907065,3.103177777094164
20,REST,2,0.590389324447664,0.007871146475019113,0.2570984710985326,0.10270353302611367,2.5033069800350694
20,S 21,0,0.5807008285765246,0.0019436533638385542,0.413844199830652,0.11848484848484848,3.4928027095681626
20,S 21,1,0.5562387629125725,0.0015678887810349992,0.37404741744284503,0.10986528497409327,3.4046006209427038
20,S 21,2,0.5895232699137203,0.0010718141631401656,0.21210838272650295,0.0835,2.540220152413209
20,S 22,0,0.5904591836001771,0.006297284639082461,0.39925763539435005,0.11828044280442805,3.3755169149519206
20,S 22,1,0.5585848041688615,0.005135814208315159,0.3787803298291067,0.10919210053859962,3.468935279756863
20,S 22,2,0.5923844144435647,0.0038810068487534345,0.22196203477654328,0.08045146726862303,2.7589557072393007
20,S 51,0,0.5922599104451366,0.0022855701871765223,0.41121058777734526,0.1221271676300578,3.367068898404048
20,S 51,1,0.5500456364033531,0.001510096068988943,0.3595173219151421,0.1140246913580247,3.1529778123783574
20,S 51,2,0.5965729075449934,0.0012882803745812455,0.22927209030751264,0.08598540145985402,2.6664071623199685
20,S 52,0,0.5801030886273194,0.0018579407897255222,0.3622413553673101,0.10983157894736843,3.2981530343007917
20,S 52,1,0.5603879097182131,0.0021003385977808554,0.426537980835995,0.12045098039215688,3.5411748368282185
20,S 52,2,0.586888217302886,0.0012694334314580233,0.2112206637966949,0.08277551020408162,2.551728926537981
20,S 71,0,0.590944036660223,0.006701327427359419,0.39304781935424227,0.12212567324955118,3.218388148011186
20,S 71,1,0.566641411643362,0.005652874654709282,0.3561836965816904,0.11167391304347826,3.1894977696627915
20,S 71,2,0.5928067425229034,0.004602439203797505,0.2507684840640673,0.09214437367303609,2.721473640418795
20,S 72,0,0.5885612974962701,0.0024968781053273325,0.39081559435541735,0.11829864253393665,3.3036354939009804
20,S 72,1,0.5642237120143846,0.0022318541398007635,0.3896795025113609,0.11689686098654709,3.3335326476919396
20,S 72,2,0.603543586579265,0.0015896879467398985,0.2195049031332217,0.08792814371257485,2.496412341545085
21,REST,0,0.6224490150722893,0.015593974072005854,0.46307963066877517,0.13574205607476636,3.4114676325052287
21,REST,1,0.6116466176074902,0.009342835957301624,0.3216599500076519,0.10698621420996819,3.006555119114421
21,REST,2,0.6297947639315007,0.006958575371279409,0.21526041932357293,0.09002133333333333,2.391215630260674
21,S 21,0,0.6376745408489362,0.0026780333394688027,0.44550337896378445,0.12098823529411766,3.682204124068619
21,S 21,1,0.6266514303032928,0.0019275874322016036,0.33677005718246406,0.10030967741935484,3.3573037601802116
21,S 21,2,0.6259862684611374,0.0013030487807785258,0.21772656385375153,0.09055855855855856,2.404262692774216
21,S 22,0,0.6152175706405788,0.007729036853580464,0.4399433585073301,0.11981096408317582,3.6719791203909375
21,S 22,1,0.6221512672994641,0.00679005866730873,0.3691692581075078,0.10247398843930637,3.602565526432697
21,S 22,2,0.6318805318484491,0.0035730752373715497,0.19088738338516215,0.07681564245810056,2.4850066637050197
21,S 51,0,0.6382911407486894,0.0027691263095223854,0.4992481203007519,0.12800000000000003,3.9003759398496243
21,S 51,1,0.6282167429126018,0.0016825541413182676,0.30601503759398496,0.09302857142857142,3.289473684210526
21,S 51,2,0.6487592895235009,0.0010470984535401622,0.19473684210526315,0.078188679245283,2.4906015037593985
21,S 52,0,0.6230882743369551,0.0027516060279558574,0.45408163265306123,0.12064444444444446,3.763800602208096
21,S 52,1,0.6216402715230241,0.002313592223404108,0.36776513884242223,0.10225581395348837,3.596520575443292
21,S 52,2,0.6581789371886057,0.001215558348258249,0.17815322850451656,0.07607142857142857,2.34192037470726
21,S 71,0,0.6242780957833225,0.0074430825262462134,0.45475460122699385,0.1226896551724138,3.7065439672801634
21,S 71,1,0.612612940867563,0.004832535749177941,0.32866820040899797,0.09524074074074075,3.450920245398773
21,S 71,2,0.6372242612446458,0.003596621362343701,0.21657719836400818,0.08291131498470948,2.61215490797546
21,S 72,0,0.6224841639761539,0.0032376753784570025,0.4385279270477121,0.11162694300518136,3.92851327145416
21,S 72,1,0.6252799475951835,0.0026238574751428806,0.3606904412962058,0.10068181818181818,3.5824784237094938
21,S 72,2,0.6489211772029194,0.0014059954953532247,0.20078163165608207,0.08220000000000002,2.4425989252564726
22,REST,0,0.5778076651333384,0.006720438072874088,0.34013667984431983,0.11168805031446541,3.0454169348165854
22,REST,1,0.5798592774177519,0.008599981833118732,0.43778921884097943,0.13212023121387284,3.313566853605467
22,REST,2,0.5938037073211707,0.004595753562674572,0.22207410131470073,0.09245933014354067,2.401857129723269
22,S 21,0,0.5878489604334133,0.0017129822074888775,0.3552076677316294,0.11062686567164179,3.2108626198083066
22,S 21,1,0.6027609520840057,0.0024860214324731447,0.4490095846645367,0.12328070175438598,3.642172523961661
22,S 21,2,0.600546323612136,0.0009656943631082302,0.19578274760383388,0.0857062937062937,2.2843450479233227
22,S 22,0,0.5899554138700466,0.0061717633740415515,0.3751148025396318,0.11084365781710914,3.38417921175578
22,S 22,1,0.600775702924576,0.007579888401398427,0.4320568621970211,0.1278581979320532,3.3791877969891786
22,S 22,2,0.601358857456199,0.0030680783543025787,0.19282833526334706,0.08325862068965519,2.3160164517030704
22,S 51,0,0.5845386805232603,0.001771122591998569,0.3387153182560037,0.11622,2.914432268594078
22,S 51,1,0.5932657900391035,0.002493156898717666,0.43722312893448356,0.12877253218884122,3.3953135929121006
22,S 51,2,0.5957971807073091,0.0012574479087403554,0.2240615528095127,0.08836781609195403,2.5355560736768474
22,S 52,0,0.5841914508056218,0.0018197113925606757,0.3366550406909151,0.10668421052631578,3.1556219897027074
22,S 52,1,0.5945276377734724,0.002726365216993913,0.4779936887560206,0.13181679389312978,3.6261971986934616
22,S 52,2,0.5968346008572296,0.0011416616007824498,0.18535127055306427,0.08584615384615384,2.159109782428168
22,S 71,0,0.5728464858691131,0.004083134493270404,0.32426618223539533,0.1045549132947977,3.101395926952864
22,S 71,1,0.5864223594274915,0.005863223982783931,0.42896070370016254,0.12818571428571426,3.346400229467444
22,S 71,2,0.6030843477280423,0.003385369965855212,0.2467731140644421,0.0893852813852814,2.7607801893106414
22,S 72,0,0.5811475566519111,0.0022349568003501366,0.3565096657054363,0.11267510548523207,3.1640499839794938
22,S 72,1,0.5956345922468601,0.0028814790501087697,0.40622663676172166,0.12731380753138077,3.1907508277261565
22,S 72,2,0.5956197424450026,0.0017035098302501546,0.23726369753284204,0.09554838709677418,2.4831784684396028
23,REST,0,0.5923514812983589,0.008899523686543738,0.341415503694148,0.11458794587945881,2.9795062741878735
23,REST,1,0.5798254352315155,0.011680527932749934,0.45433622610531255,0.1407173666288309,3.228714671044916
23,REST,2,0.5749362199345041,0.0045658781177424414,0.20424827020053946,0.09211900826446281,2.2172217661545677
23,S 21,0,0.594556746770481,0.0031844067154389285,0.3762165988320651,0.10856170212765959,3.4654633398218606
23,S 21,1,0.5977664775486388,0.0044474154488484945,0.4675868577832832,0.1253280632411067,3.730903084999705
23,S 21,2,0.5839367937328034,0.001138344016615648,0.1561965433846517,0.07620143884892086,2.049784698873356
23,S 22,0,0.602600384822712,0.008896406692470165,0.3732130844265052,0.10992569659442725,3.3951395896400944
23,S 22,1,0.5924854785558971,0.010814123380881446,0.4485158089471914,0.12891238670694866,3.4792297342751426
23,S 22,2,0.5912654168250823,0.0037651404554568165,0.1782711066263034,0.07981176470588236,2.233644466868483
23,S 51,0,0.608367565712199,0.0026644524575062563,0.3374394184168013,0.10498429319371727,3.2141895530425417
23,S 51,1,0.5977777623993913,0.0037477626774673916,0.48263327948303714,0.1297737556561086,3.719036079698438
23,S 51,2,0.5821013595308862,0.0011756992963403799,0.17992730210016156,0.08485714285714287,2.120355411954766
23,S 52,0,0.5801524914483145,0.00253729104472733,0.3681456953642384,0.11118000000000001,3.3112582781456954
23,S 52,1,0.5992260271026922,0.004084871317385986,0.4903973509933775,0.13776744186046513,3.5596026490066226
23,S 52,2,0.5887682198386223,0.0008144884179495692,0.14145695364238411,0.07429565217391303,1.903973509933775
23,S 71,0,0.6123503182607887,0.008432208072428853,0.3900140678382422,0.11781450252951096,3.3104079673090236
23,S 71,1,0.591010384349623,0.009192439575259831,0.428287519817788,0.12236044657097289,3.500212134068731
23,S 71,2,0.6164974404140322,0.0037133630769931895,0.1816984123439698,0.08281933842239186,2.1939128687225065
23,S 72,0,0.6146166954638995,0.0035115264259859115,0.40194479676269856,0.124392523364486,3.2312617019991547
23,S 72,1,0.6075534283156903,0.004054591350066201,0.42682853173884155,0.12907762557077626,3.3067584707374524
23,S 72,2,0.5988148307850942,0.001279080601031162,0.17122667149845985,0.08158273381294964,2.0988101709246845
24,REST,0,0.6130530395488466,0.006747896630680878,0.23557972146112238,0.09322471910112361,2.527009185252488
24,REST,1,0.6233750711774744,0.016119454543684523,0.49185820355200954,0.14511413612565446,3.3894575448260196
24,REST,2,0.6186942530521927,0.008268713000672822,0.2725620749868681,0.0983303457106274,2.771901929328923
24,S 21,0,0.6038736876556831,0.0019877007623272484,0.3062937945836753,0.10055958549222799,3.045893567325295
24,S 21,1,0.6252855882048122,0.003356361694308493,0.4244681522631147,0.11900884955752214,3.5666940218420558
24,S 21,2,0.6480367054411694,0.002239090437405345,0.26923805315321003,0.09693181818181819,2.7776024240893884
24,S 22,0,0.6207762951476169,0.006991052232204388,0.3129568693270908,0.10306181818181817,3.0365937148031183
24,S 22,1,0.6321882347903315,0.010543876455102236,0.41264548044433647,0.12093851132686086,3.412027119542413
24,S 22,2,0.6345367763376292,0.0068192360957762205,0.2743976502285727,0.09521072796934867,2.882003489322232
24,S 51,0,0.6067007459433578,0.0015548966924854787,0.2780002966918855,0.09254320987654321,3.0040053404539386
24,S 51,1,0.6476803460164606,0.0032789721398567076,0.4526776442664293,0.12985106382978726,3.4861296543539537
24,S 51,2,0.6361983865432014,0.0018861052245743221,0.2693220590416852,0.09077500000000001,2.966918854769322
24,S 52,0,0.6183376966903588,0.002001852774067446,0.2887843752041283,0.09770165745856352,2.955777647135672
24,S 52,1,0.6399796405765608,0.0034050622507180404,0.4068848389836044,0.12154146341463416,3.3477039649879154
24,S 52,2,0.6556083164095918,0.0027928268216236758,0.3043307858122673,0.096559585492228,3.151740806061794
24,S 71,0,0.6130466370105131,0.0044378291503335615,0.28047564250095897,0.09836771300448433,2.8512977880066486
24,S 71,1,0.6338712564688044,0.00829469811515853,0.41040787623066105,0.11976865671641791,3.426671781102161
24,S 71,2,0.6393443181565254,0.006158914952915269,0.30911648126838,0.09670400000000001,3.196522183863956
24,S 72,0,0.6121291426039642,0.0019963230702005307,0.29210224182730077,0.09619900497512437,3.0364372469635628
24,S 72,1,0.6440527978686963,0.0038379981547370617,0.39851350534775515,0.11370689655172415,3.50474348903257
24,S 72,2,0.660116866053226,0.0028199257229636035,0.3093842528249441,0.10611398963730571,2.915584023203819
25,REST,0,0.620197458262737,0.016448411144967236,0.43886022311262285,0.14145876887340303,3.102389668790176
25,REST,1,0.5932500367504355,0.009803046033193348,0.3495575221238938,0.11787606318347511,2.9654665475195294
25,REST,2,0.6033770708307716,0.006596049173966088,0.21158225476348333,0.09501618122977346,2.2268023406647255
25,S 21,0,0.6028632045274774,0.001858060844582377,0.34680327868852456,0.0983953488372093,3.524590163934426
25,S 21,1,0.6126882400360865,0.002447776773834927,0.42836065573770493,0.11743820224719104,3.6475409836065573
25,S 21,2,0.649426182949012,0.0014933148800463703,0.2248360655737705,0.08639370078740156,2.6024590163934427
25,S 22,0,0.6260497996734181,0.0070444435534129605,0.36459318238367755,0.10996622889305817,3.315501368499627
25,S 22,1,0.6284424800664816,0.009029484441573112,0.4515053495894501,0.12801410934744267,3.5269967653645184
25,S 22,2,0.6451361558582482,0.003491965793605484,0.18390146802687235,0.08011924119241193,2.2953471012689723
25,S 51,0,0.6187594685348544,0.0016874306466673206,0.35799580442149426,0.10955555555555556,3.2677101823462964
25,S 51,1,0.6226696032877824,0.002345304507198346,0.4308536388575117,0.12067796610169491,3.570275939970954
25,S 51,2,0.6551544717059359,0.0011030114991834538,0.21115055672099403,0.08580327868852461,2.460868162013878
25,S 52,0,0.6272116600381681,0.002326214242711379,0.38551859099804303,0.11195628415300546,3.443474333885293
25,S 52,1,0.6248648431481097,0.00234847443458373,0.4175071503838627,0.12395530726256984,3.368207135330423
25,S 52,2,0.655516791238778,0.0011553984651573636,0.19697425861809423,0.08580327868852461,2.2956495559235286
25,S 71,0,0.6341611551123457,0.005881447023720024,0.36805020367719915,0.10697600000000002,3.440493229109325
25,S 71,1,0.6391779991236837,0.007277691396594722,0.4241440052845976,0.11763358778625954,3.605636904106573
25,S 71,2,0.6521593081238615,0.0035165938895413166,0.20780579103820324,0.0865329512893983,2.4014642739183087
25,S 72,0,0.6161245987709528,0.0022647294866535717,0.38304011259676285,0.11051776649746192,3.4658691062631948
25,S 72,1,0.6304373422929921,0.0027600472825272423,0.441027445460943,0.11880568720379149,3.712174524982407
25,S 72,2,0.6621052781878581,0.0012401912500682828,0.17593244194229415,0.0813008130081301,2.163969035890218
26,REST,0,0.6088114327452148,0.00993165957372444,0.3611738857501569,0.11507000000000002,3.138731952291274
26,REST,1,0.60973387229106,0.010764535329268089,0.40225988700564974,0.12119148936170215,3.3192090395480225
26,REST,2,0.6217605113343353,0.006799438460823978,0.23656622724419335,0.0942125,2.5109855618330195
26,S 21,0,0.6028453910304673,0.0016565650060483897,0.3254953189636403,0.1007865168539326,3.2295522171420274
26,S 21,1,0.6075772322062798,0.00252040132931969,0.4276072283910298,0.11276555023923447,3.792002322374628
26,S 21,2,0.614053773780043,0.0014453499234391457,0.24689745264532986,0.08667515923566879,2.848537629726395
26,S 22,0,0.5975612517698466,0.00646150438742755,0.35331008924851437,0.10344783306581061,3.4153454816569084
26,S 22,1,0.6029080467490957,0.00834957546121077,0.41968730127403897,0.11546907993966819,3.634629300703901
26,S 22,2,0.6124287524444962,0.004651317901790703,0.22700260947744666,0.08626666666666667,2.6314058285639104
26,S 51,0,0.6054972190793194,0.002077384025353861,0.3823940381928272,0.10156701030927835,3.7649433317807794
26,S 51,1,0.5953808527109133,0.0018495343253254618,0.363841018475392,0.10652272727272728,3.415618692749573
26,S 51,2,0.6031851804114098,0.0013119313243647986,0.2537649433317808,0.08775838926174495,2.8916317342027638
26,S 52,0,0.5954227562214841,0.0022928489534337,0.39045900982160753,0.10577375565610862,3.691454533306608
26,S 52,1,0.6066630913257931,0.0027046513477241097,0.40275272265651096,0.11481904761904763,3.5077169773501704
26,S 52,2,0.5994090595653423,0.0012175020555491801,0.20678826752188148,0.09102941176470587,2.2716643281886815
26,S 71,0,0.5992691330557971,0.005687959601503692,0.35839497657160524,0.10391724137931035,3.4488499869181553
26,S 71,1,0.6091860437807236,0.006953823967374717,0.38693718335989347,0.10667540983606558,3.6272387793449563
26,S 71,2,0.6089055774017776,0.004695103482184245,0.2546678400685013,0.08669635627530364,2.9374687819613254
26,S 72,0,0.5889512345705333,0.0021691163094413783,0.3491469524957189,0.09874439461883407,3.5358660493435656
26,S 72,1,0.6176787843673689,0.0032522672255898507,0.42785564787213803,0.10880645161290323,3.932263588507643
26,S 72,2,0.6142954706681231,0.0014966717341386511,0.22299739963214307,0.08523636363636364,2.6162237584829073
27,REST,0,0.6108837575461308,0.012155714817726503,0.37449537650625353,0.13198926174496647,2.837317002574532
27,REST,1,0.5886407613977572,0.008666749669960866,0.28555977027253476,0.10961988304093567,2.604999771491248
27,REST,2,0.625078233404667,0.017964439077693645,0.3399448532212117,0.13282738095238097,2.5592980211142087
27,S 21,0,0.659000974288692,0.003355438572746579,0.4523690058060354,0.13645405405405409,3.315174539459537
27,S 21,1,0.5948580265928815,0.0016338443379411345,0.33610493871407066,0.10305494505494506,3.261414952333166
27,S 21,2,0.6284530580453367,0.0012530158296690365,0.21152605547989392,0.0936825396825397,2.2579026593075766
27,S 22,0,0.6696770541299811,0.011364913837801378,0.4871840153388163,0.14304444444444445,3.4058226953933097
27,S 22,1,0.6251668031417069,0.005175737736071913,0.32579847620969776,0.10290039840637451,3.166153690902669
27,S 22,2,0.6555859021253229,0.0035512892879618133,0.18701750845148596,0.08423863636363636,2.2200918310711946
27,S 51,0,0.6265052390754219,0.002866790246615017,0.46874768295395564,0.1412737430167598,3.3180099354934383
27,S 51,1,0.5836414870055551,0.001402117111246601,0.32735226514421295,0.10574850299401195,3.095573515236895
27,S 51,2,0.6074286249186622,0.0009531928924517994,0.2039000519018314,0.08730158730158731,2.335582412693705
27,S 52,0,0.6513615611077632,0.0032666139626662937,0.4458804523424879,0.1251958762886598,3.5614627698634163
27,S 52,1,0.6050646139163754,0.002029413995104528,0.37678073138493173,0.10802105263157895,3.4880305478043767
27,S 52,2,0.6152550905829002,0.0009309528911959323,0.1773388162725804,0.084,2.111176384197386
27,S 71,0,0.6422520107200186,0.008208632745909359,0.44861752347356953,0.13381818181818184,3.35244073247912
27,S 71,1,0.600268895792249,0.004252585246937836,0.32543964309799245,0.10284426229508199,3.1643927997094985
27,S 71,2,0.6121042507091826,0.0032413775271494067,0.22594283342843804,0.09121465968586388,2.4770451833791567
27,S 72,0,0.6529058621111513,0.003981863485091499,0.5056378209482407,0.1503838383838384,3.362314902866458
27,S 72,1,0.6160405082938177,0.002104324805110279,0.3504279309876375,0.11464444444444447,3.0566499116967805
27,S 72,2,0.6225103327904082,0.0008164583915492498,0.14393424806412172,0.07921495327102805,1.8170085586197529
28,REST,0,0.606817466965761,0.025127268377001497,0.3362935022312644,0.11266417910447762,2.9849194740007574
28,REST,1,0.6087767065319272,0.03036437567058812,0.44019394551408186,0.13512022792022793,3.2577945751687367
28,REST,2,0.6141590331533106,0.015895076259324084,0.22351255225465372,0.09198472116119175,2.4298878056386766
28,S 21,0,0.6519948915110232,0.002141735218585899,0.29604925602873267,0.08686021505376346,3.4083412739133623
28,S 21,1,0.6631560333471537,0.004254889488062854,0.45847687458770064,0.12086956521739133,3.793153998387451
28,S 21,2,0.6841212957981516,0.002394284563573997,0.24547386938356666,0.08320496894409939,2.9502308876346843
28,S 22,0,0.6256465182078305,0.0055528641256190475,0.2916666666666667,0.09151351351351353,3.1871431384130733
28,S 22,1,0.6552084754402073,0.011464816800822734,0.4666518999803111,0.12536198347107438,3.722435518802914
28,S 22,2,0.6684064839125379,0.005614690228989664,0.24168143335302225,0.08483801295896329,2.8487399094309906
28,S 51,0,0.6150283171763616,0.0017399008185111707,0.2963892056252376,0.09452121212121213,3.135689851767389
28,S 51,1,0.6164745908651099,0.0032621544788601635,0.46507031546940325,0.11937560975609757,3.895857088559483
28,S 51,2,0.6418593483048666,0.001746271733337629,0.23854047890535918,0.08777622377622378,2.717597871531737
28,S 52,0,0.6180242834218881,0.0018837460826539125,0.32357053499153726,0.1046904761904762,3.0907351534329237
28,S 52,1,0.6191677224188598,0.0034900365955678444,0.4819339171388623,0.14008556149732623,3.4402825814997424
28,S 52,2,0.6191981527887872,0.001220606410754477,0.1944955478696004,0.08457600000000003,2.2996541320185444
28,S 71,0,0.631007560656422,0.005045398762849446,0.29207292370020255,0.09569911504424779,3.0519918973666442
28,S 71,1,0.6394873138213016,0.009611386823982925,0.4465631330182309,0.1238501872659176,3.6056718433490884
28,S 71,2,0.6682102705123925,0.006175730906459522,0.26136394328156654,0.0881731207289294,2.964213369345037
28,S 72,0,0.6186847886877787,0.001590836282213231,0.2752349659967907,0.08679518072289155,3.171085810346145
28,S 72,1,0.6313089950071998,0.0032032285021059677,0.46970275846259646,0.12294000000000002,3.8205853136700543
28,S 72,2,0.6495236228508992,0.001797061208212964,0.25506227554061284,0.09145205479452055,2.7890272789791397
29,REST,0,0.6248753349455392,0.016643878589479705,0.4542909892204157,0.13821970554926388,3.286730986838187
29,REST,1,0.6015226257188705,0.0104469671993835,0.3629325233756179,0.11818666666666668,3.0708415222440593
29,REST,2,0.6081607254248594,0.00548717415170138,0.1827764874039664,0.09043093922651933,2.021172056458817
29,S 21,0,0.6612138217600189,0.004620659754108384,0.4998855747959417,0.14092473118279572,3.5471813258066973
29,S 21,1,0.6260877307891088,0.002333913431779622,0.34838660462277826,0.10873809523809524,3.2039057136318556
29,S 21,2,0.6337766116607392,0.0009449802142166718,0.15172782058128004,0.08118367346938776,1.8689449996185825
29,S 22,0,0.6493073873196322,0.012395413350126653,0.4602336259605548,0.13504363001745204,3.408036542716437
29,S 22,1,0.6291585079189638,0.008325427581359892,0.3765374824542621,0.11145774647887324,3.378298003949278
29,S 22,2,0.6203440330120296,0.0031787181357727347,0.16322889158518308,0.07665921787709498,2.129279375728594
29,S 51,0,0.6768164257732284,0.0045143415793178045,0.49538958045182113,0.13224615384615387,3.7459658828953435
29,S 51,1,0.6234433497094616,0.001977538207949028,0.33487013984939296,0.09272340425531912,3.611495312740126
29,S 51,2,0.6330909638917404,0.0011529241931171157,0.1697402796987859,0.07425210084033614,2.285999692638697
29,S 52,0,0.6598164844045458,0.0040468397786474365,0.44050120631955797,0.11320000000000001,3.891353412716943
29,S 52,1,0.6343293498177621,0.0024970571781032865,0.3679663787065141,0.09698461538461538,3.794069577399019
29,S 52,2,0.6376029901836513,0.0012282342011661555,0.19153241497392792,0.08413675213675215,2.2764417464394118
29,S 71,0,0.6709317675738491,0.01229332775386682,0.4701498453976056,0.12867992766726946,3.653637781125294
29,S 71,1,0.6302690221196566,0.00605441176001718,0.36161103623245855,0.10326792452830189,3.5016781627421443
29,S 71,2,0.637265803140604,0.00295984580133035,0.16823911836993577,0.07445614035087719,2.2595734559581384
29,S 72,0,0.6621807555042787,0.0044900684846162385,0.4607044331814974,0.12709734513274337,3.624815551421056
29,S 72,1,0.640657048023801,0.0032443478388567266,0.39718996599730544,0.11205429864253395,3.5446205170975813
29,S 72,2,0.6623842510949401,0.001151860278267101,0.14210560082119716,0.07572649572649574,1.8765638031693077
30,REST,0,0.5994545770305196,0.006093594700489513,0.33717786162753394,0.12127472527472528,2.7802813889185924
30,REST,1,0.5790073753839811,0.006018991175293966,0.36731794503597565,0.11888751545117429,3.0896258841142052
30,REST,2,0.6103190311804485,0.005755468834191475,0.2955041933364904,0.1041399730820996,2.83756740654741
30,S 21,0,0.6413553653907845,0.00245286953040742,0.4012050696031581,0.12525405405405407,3.2031304106932614
30,S 21,1,0.5968871541603826,0.002031368757193385,0.39379458411247314,0.11663589743589746,3.376272595055059
30,S 21,2,0.6223596276538644,0.0010749612744235593,0.20500034628436872,0.08279720279720279,2.4759332363737103
30,S 22,0,0.6341747377676307,0.007255521460392622,0.3799709020368574,0.11355072463768118,3.3462657613967024
30,S 22,1,0.5918843929073874,0.0055844165023335,0.37824927255092144,0.11182078853046597,3.3826382153249273
30,S 22,2,0.6080288043595408,0.00385614048264462,0.24177982541222115,0.09232407407407407,2.6188166828322017
30,S 51,0,0.6448492406263769,0.0023616708368500005,0.3529457850203698,0.10790419161676647,3.270918207458477
30,S 51,1,0.6225621525256019,0.002313672657133214,0.37942651206518335,0.11462721893491125,3.310090880601692
30,S 51,2,0.6334728504323952,0.001696132314112537,0.2676277029144469,0.09973722627737228,2.6833281103102475
30,S 52,0,0.6234384711385639,0.0024510426027144943,0.33399752645320874,0.10342553191489363,3.229352755256287
30,S 52,1,0.6067500319627963,0.0030295635924288936,0.4282671430534561,0.12044444444444445,3.555723512436444
30,S 52,2,0.6189861756725762,0.001718899230723294,0.23773533049333517,0.09165562913907285,2.5937886491686135
30,S 71,0,0.6420676932559056,0.0070886741364607625,0.3381981756841185,0.10891750503018109,3.1050855929026615
30,S 71,1,0.6113239347779502,0.0068854000920024324,0.3816068974134699,0.11568181818181818,3.298762963888542
30,S 71,2,0.6309484217480217,0.005609064539435701,0.2801949269024116,0.09835087719298247,2.8489316506310134
30,S 72,0,0.6217448327836133,0.0029630702269987327,0.3733517024207833,0.11496969696969699,3.2473922456209405
30,S 72,1,0.5978568431448512,0.003095842301202899,0.4219641802794725,0.13470157068062827,3.1325854490585843
30,S 72,2,0.6041080740503777,0.0014217772542820081,0.20468411729974414,0.08210526315789474,2.4929475824968836
31,REST,0,0.6332911741149677,0.014245593233622655,0.45780189145846134,0.14256709451575264,3.211132926664768
31,REST,1,0.6171658844465627,0.00894251529707421,0.3404625230437194,0.11754721862871928,2.8963894426042773
31,REST,2,0.621700596248227,0.005431043069336836,0.20173558549781928,0.09033557046979866,2.2331799583339578
31,S 21,0,0.6457810421178439,0.00237991719891325,0.4406463195691203,0.12586666666666668,3.5008976660682225
31,S 21,1,0.6576145205154256,0.002274840775745356,0.39669658886894077,0.11389690721649487,3.4829443447037702
31,S 21,2,0.639846682184195,0.0008354364399618325,0.16265709156193897,0.0755,2.154398563734291
31,S 22,0,0.6469662642144538,0.007963231405140513,0.4128983104020078,0.1158867924528302,3.5629453681710217
31,S 22,1,0.6545938617766976,0.007517234128079367,0.4020750235288845,0.113205047318612,3.551741137453502
31,S 22,2,0.6342027113512787,0.0032340217961399176,0.1850266660691077,0.08155061728395063,2.2688567202975842
31,S 51,0,0.6358226283816467,0.0016467893256426726,0.37987628865979384,0.10528,3.6082474226804124
31,S 51,1,0.6474463469406803,0.002032845495854867,0.41855670103092785,0.11092896174863387,3.7731958762886597
31,S 51,2,0.653940247490444,0.0011072096547255716,0.20156701030927834,0.0872857142857143,2.309278350515464
31,S 52,0,0.6423877253298599,0.0025368444228985937,0.43258128732581286,0.12417142857142859,3.4837425348374254
31,S 52,1,0.6503149925251714,0.0022174671577558395,0.37690776376907764,0.11303482587064675,3.334439283344393
31,S 52,2,0.6435256786994573,0.0010579929094570082,0.1905109489051095,0.08570149253731343,2.222959522229595
31,S 71,0,0.6456881409122648,0.006675515536515996,0.3997475385003787,0.1164264705882353,3.433476394849785
31,S 71,1,0.6638050789794927,0.007158404637525015,0.4259277960111083,0.12314598540145985,3.458722544811916
31,S 71,2,0.6409706839209108,0.0024768056197797196,0.174324665488513,0.08099706744868035,2.1522342842716484
31,S 72,0,0.6458521497744276,0.002960981821949202,0.4209189699976376,0.1228793103448276,3.425466572171037
31,S 72,1,0.6532219215663901,0.002708993573700403,0.4082801795416962,0.11970562770562773,3.4107016300496102
31,S 72,2,0.6586654407910791,0.001038512111449161,0.1708008504606662,0.07869387755102039,2.1704464918497517
32,REST,0,0.6285122488045041,0.015219185076491244,0.42214677150345487,0.13185116279069767,3.2016916845365735
32,REST,1,0.5964962893363168,0.01177543460679094,0.40226649988086727,0.12535034802784226,3.209137479151775
32,REST,2,0.5992180448733506,0.003906387923617332,0.17558672861567787,0.08590892531876139,2.0438706218727662
32,S 21,0,0.6239441733294601,0.00241803632541031,0.375383970957833,0.10543137254901962,3.5604579726333427
32,S 21,1,0.593619914428537,0.0022037167894458755,0.4064507120915945,0.11250241545893722,3.6128176487014803
32,S 21,2,0.611793537766813,0.0012934252546662056,0.21816531695057245,0.09057971014492754,2.40854509913432
32,S 22,0,0.6208351791332575,0.007553517515290718,0.3818346435827224,0.10840752351097177,3.522215352000707
32,S 22,1,0.5953367655845472,0.006400308219103168,0.3912640226128434,0.10853292496171515,3.6050260577687485
32,S 22,2,0.6158987278143162,0.0041202939402335235,0.22690133380443422,0.08138613861386139,2.7879604275240704
32,S 51,0,0.610043098819008,0.0020370985841012797,0.3584031760035289,0.10372340425531915,3.455374209675048
32,S 51,1,0.5979789992325425,0.0022104125464062,0.39538303190707247,0.11322105263157894,3.492133509777974
32,S 51,2,0.6052962412182451,0.0012216249020155481,0.24621379208939861,0.08372500000000001,2.940744008234083
32,S 52,0,0.6141896917176769,0.003041968882501713,0.3582053452654493,0.11072897196261684,3.2349739992743984
32,S 52,1,0.5844821303234481,0.0028403077803723087,0.4100253960575644,0.12385388127853883,3.3105575039303425
32,S 52,2,0.6092239154668522,0.0016666964859723174,0.23176925867698633,0.0896608187134503,2.584955859233281
32,S 71,0,0.6261887248465262,0.0049521550181119735,0.374247774406923,0.10617283950617284,3.5248918287163673
32,S 71,1,0.5927241138528866,0.005118658980416804,0.4171184164718755,0.11981428571428572,3.481374645645795
32,S 71,2,0.6004638505195734,0.0022543968749966737,0.20863380912120158,0.08517766497461929,2.449395732829363
32,S 72,0,0.6370532927685363,0.00220068864046123,0.3801758886038842,0.11318181818181818,3.3589837547331136
32,S 72,1,0.5992234414566938,0.002205843603203135,0.4085134970074508,0.11434188034188036,3.5727372663979478
32,S 72,2,0.6034607865556905,0.001240221788201406,0.21131061438866497,0.08287425149700597,2.549774032001954
33,REST,0,0.5821867973259205,0.007533453609557231,0.3027604222361406,0.10934620689655174,2.768824185392829
33,REST,1,0.583870981185612,0.012118300740551376,0.4604573715647485,0.1433626634958383,3.2118360550556817
33,REST,2,0.5925109719097365,0.006284839512268874,0.23678220619911092,0.09810126582278482,2.4136508760941626
33,S 21,0,0.594889927049457,0.0012597193873930114,0.2456508698260348,0.09016513761467891,2.724455108978204
33,S 21,1,0.6128317178805691,0.0024400743980310504,0.45670865826834633,0.1333722627737226,3.4243151369726053
33,S 21,2,0.6117438124509291,0.0014996848462817333,0.2976404719056189,0.09681300813008131,3.074385122975405
33,S 22,0,0.6104827626515916,0.00537420814105819,0.3198549468887391,0.09492380952380951,3.369596611148551
33,S 22,1,0.6204757095587293,0.008652089180174155,0.4427649947049196,0.11792307692307695,3.7546933667083855
33,S 22,2,0.6282562486676305,0.004491928457430232,0.23738005840634127,0.08334647887323944,2.848111421327942
33,S 51,0,0.623279014844263,0.0012016467702123858,0.2589772727272727,0.09495833333333333,2.7272727272727275
33,S 51,1,0.6174419874767043,0.0023673193514416125,0.4672727272727273,0.13053968253968257,3.5795454545454546
33,S 51,2,0.6335597875081126,0.001287726392410984,0.27375,0.0876,3.125
33,S 52,0,0.6094309714656756,0.0018489692514676765,0.34223348275190024,0.10806153846153846,3.1670239719352953
33,S 52,1,0.6328931091970068,0.00261850241688442,0.4142467355291366,0.12321739130434783,3.361917754823621
33,S 52,2,0.6386578420719347,0.0015215306446127162,0.24351978171896316,0.08846017699115044,2.7528746832976028
33,S 71,0,0.5932845341880166,0.0033031652128143072,0.26198648697474436,0.0900745341614907,2.908552227481302
33,S 71,1,0.6128558905731152,0.007250557204093524,0.46453734147487086,0.13086005089058522,3.5498789608700365
33,S 71,2,0.6117588331684262,0.003625738526399898,0.2734761715503848,0.09315692307692308,2.935650540159699
33,S 72,0,0.6254962168772373,0.002613797369555223,0.3420875985903675,0.10256603773584906,3.3352911562342675
33,S 72,1,0.6352975489567392,0.003796607962762426,0.4437825138446048,0.1251834319526627,3.5450578956200705
33,S 72,2,0.6273252370988466,0.0014794038765160613,0.21412988756502768,0.083672131147541,2.5591542205067968
34,REST,0,0.6125357678525237,0.010141787680758458,0.40498690478013816,0.13354545454545455,3.032577231165092
34,REST,1,0.5999827597658782,0.009456878195371317,0.3974360937954695,0.12990738423028786,3.059380312753672
34,REST,2,0.6060106278400853,0.004514051395358191,0.19757700142439233,0.09467889908256882,2.0868113522537564
34,S 21,0,0.6533329226107994,0.003686245481379443,0.43697218563570156,0.13192982456140354,3.312156194313163
34,S 21,1,0.6045364517040906,0.0023056014341667572,0.351282249941892,0.1036342857142857,3.389633532191834
34,S 21,2,0.6370054162998277,0.0015409800132947095,0.21174556442240644,0.0828181818181818,2.556752149996126
34,S 22,0,0.6491811869531553,0.012315192904169575,0.4661820736617397,0.13270769230769233,3.5128489204745046
34,S 22,1,0.5893691128861475,0.005807548901903218,0.34860972248493527,0.10956263269639067,3.181830464506715
34,S 22,2,0.6278127196804764,0.003605588757021774,0.18520820385332504,0.08307878787878788,2.229307968762667
34,S 51,0,0.6302569841694766,0.0033490451874057716,0.41137348677327756,0.12655172413793106,3.2506351815872065
34,S 51,1,0.5802580375131869,0.0024112355337712454,0.3861904050216709,0.11113978494623658,3.4748169182483934
34,S 51,2,0.6381184182651156,0.0013753218551978644,0.20243610820505156,0.09105882352941175,2.2231355552234344
34,S 52,0,0.6346869392560127,0.004488670829244257,0.4518327236209741,0.14564161849710985,3.102359945484542
34,S 52,1,0.5797580053249154,0.002186709489468157,0.3501900867943476,0.11158857142857143,3.138225378380317
34,S 52,2,0.614610043370013,0.001500973255256127,0.19797718958467828,0.0912396694214876,2.1698586901943906
34,S 71,0,0.6760497327031324,0.011504587618240848,0.478518293608623,0.13977827050997785,3.4234097464703206
34,S 71,1,0.5917289905860847,0.004596003442662554,0.3338393805981479,0.09927765237020317,3.3626840746925764
34,S 71,2,0.63935909817342,0.003347328288836861,0.1876423257932291,0.08323232323232323,2.2544405647487475
34,S 72,0,0.6776973488616005,0.004480200991565356,0.44992858276464054,0.14264150943396228,3.1542612283764484
34,S 72,1,0.6173294566433941,0.0022902396785928563,0.3429614346929059,0.10352095808383234,3.31296619584193
34,S 72,2,0.6573921951981435,0.001634508370574219,0.20710998254245358,0.08487804878048781,2.440088874781781
35,REST,0,0.6287977645083792,0.01858464351999871,0.3971754631839953,0.13174457215836527,3.0147387226440374
35,REST,1,0.5988320393326946,0.013488872875282837,0.3651260568911614,0.1215794871794872,3.0031879995687727
35,REST,2,0.6144501632378075,0.009598276877351833,0.2376984799248433,0.09768354430379747,2.4333523278557236
35,S 21,0,0.6053234751343144,0.0019983349114639994,0.3336905764372656,0.09963428571428572,3.349154099364618
35,S 21,1,0.6147698524563838,0.002319144370250756,0.38299012477991273,0.1064468085106383,3.5979484038888465
35,S 21,2,0.61582842254995,0.001796559734759123,0.2833192987828217,0.09675816993464051,2.928117584015923
35,S 22,0,0.6148072876152328,0.006169014994380014,0.33989176065955184,0.10479532163742691,3.243386778615143
35,S 22,1,0.5996152714265732,0.006477175186935631,0.38564058469475493,0.10911627906976745,3.5342167821556822
35,S 22,2,0.6095411446019602,0.004949959956389265,0.27446765464569317,0.09315879828326182,2.9462343836932883
35,S 51,0,0.5984100192640411,0.0018676315835638856,0.36014640097600653,0.10605988023952098,3.395689304595364
35,S 51,1,0.597126996347703,0.0019585316782990223,0.3602277348515657,0.10545238095238096,3.4160227734851563
35,S 51,2,0.6136357752407678,0.001519631106242879,0.2796258641724278,0.09753191489361701,2.8670191134607568
35,S 52,0,0.6179321359763503,0.0022668921262149633,0.3331186949989268,0.10581818181818183,3.1480289046290335
35,S 52,1,0.6051724256312103,0.0025769531861506243,0.3854904485941189,0.10616748768472906,3.6309651570437147
35,S 52,2,0.6086136307330261,0.002169970682545261,0.28139085640695427,0.09832500000000002,2.8618444587536667
35,S 71,0,0.6140383436446437,0.005502131658213999,0.3363303363303363,0.10425806451612904,3.225940725940726
35,S 71,1,0.5968922363419669,0.005269134752742925,0.3659118659118659,0.10808196721311478,3.3855033855033856
35,S 71,2,0.603559918913784,0.0047571012628637235,0.29775779775779776,0.0949557522123894,3.135753135753136
35,S 72,0,0.643597590353753,0.0030159913258592007,0.33231561302681994,0.10778640776699028,3.0830938697318007
35,S 72,1,0.615607943223492,0.003393825051425107,0.40205938697318006,0.11629437229437231,3.4572557471264367
35,S 72,2,0.6152689879479731,0.0021908905985520352,0.265625,0.09292146596858639,2.858596743295019
36,REST,0,0.6015790299041037,0.009916000160246767,0.3742610616826894,0.12067870036101086,3.1013017256822115
36,REST,1,0.5893116711330698,0.0089082672196793,0.3733504508270138,0.1160556844547564,3.2169940884934616
36,REST,2,0.6091061129938754,0.0069631220079649295,0.25238848749029674,0.09661142857142857,2.612408192512092
36,S 21,0,0.6158962594851849,0.0017490449093529108,0.33536399634480657,0.10066285714285714,3.331556503198294
36,S 21,1,0.6121927655200652,0.0022580671730258565,0.4505787389582699,0.12137435897435898,3.712305817849528
36,S 21,2,0.6072310342670832,0.00102899368594887,0.21405726469692354,0.08454135338345864,2.531982942430704
36,S 22,0,0.6061298508468894,0.005634414908544308,0.34630378459526867,0.10458500914076783,3.311218189302404
36,S 22,1,0.6152504380432546,0.0073202896364302035,0.4199133150923751,0.12277522123893804,3.4201796653672005
36,S 22,2,0.6137362522537908,0.003929210209336797,0.23378290031235624,0.09002331002331003,2.5969151795442986
36,S 51,0,0.6125747476095708,0.0017642476094252807,0.33441176470588235,0.10576744186046513,3.1617647058823533
36,S 51,1,0.6174068006969072,0.002286637320382269,0.4394852941176471,0.1264973544973545,3.474264705882353
36,S 51,2,0.6119447491966137,0.0010395503139505073,0.2261029411764706,0.08661971830985914,2.610294117647059
36,S 52,0,0.614688225182251,0.001980161219081126,0.3249386970640864,0.0929478672985782,3.4959241831798
36,S 52,1,0.6140533874844893,0.002717897949099756,0.4190469878719597,0.11141850220264318,3.761017960103387
36,S 52,2,0.6323998990911922,0.0016341374011353256,0.2560143150639539,0.08779545454545455,2.916031546159454
36,S 71,0,0.6183843886832319,0.005271961230553115,0.35181267568899066,0.10602620087336245,3.3181673283681574
36,S 71,1,0.6158934572986503,0.006160524104067058,0.4316515489610804,0.11987927565392356,3.6007186947575853
36,S 71,2,0.6191173639380815,0.003247044881676603,0.216535775349929,0.08210989010989012,2.63714608630133
36,S 72,0,0.6083530911174949,0.0023795931084267833,0.3466710182767624,0.10164593301435408,3.410574412532637
36,S 72,1,0.6179990053233317,0.003415321603395171,0.45868146214099215,0.13196244131455398,3.4758485639686683
36,S 72,2,0.6304036546502321,0.0014114736883636164,0.19464751958224544,0.08770588235294119,2.2193211488250655
37,REST,0,0.6457320205941327,0.02315502188837945,0.44137308592495145,0.1393864734299517,3.166541738691469
37,REST,1,0.6144410271020044,0.012636832109752999,0.2868091355494026,0.10217438692098094,2.807055116183017
37,REST,2,0.6417223523977357,0.013109229327410815,0.2718177785256459,0.11335885167464113,2.3978522586468003
37,S 21,0,0.6166397119824936,0.0012142036041274248,0.29443281707827546,0.09570068027210885,3.0766010883214734
37,S 21,1,0.6038728285786316,0.0013154012852551653,0.3761406446211804,0.10448837209302327,3.599832565927166
37,S 21,2,0.6316431764864648,0.002630651082553042,0.32942653830054414,0.09539393939393939,3.4533277521975725
37,S 22,0,0.594161027729805,0.0037531453831256482,0.28219850126691465,0.09143231441048036,3.0864197530864197
37,S 22,1,0.5927041810315274,0.005422440071378829,0.39843118227397706,0.10848440366972477,3.6727047280176826
37,S 22,2,0.6302098551585349,0.010025838522981103,0.3193703164591083,0.10169957081545065,3.140331015149065
37,S 51,0,0.6127363667831156,0.0017528090492999009,0.29120521172638436,0.09228387096774193,3.1555374592833876
37,S 51,1,0.5864436777305926,0.0014811218989210099,0.34592833876221496,0.09879069767441861,3.501628664495114
37,S 51,2,0.6115949558432698,0.0029479134912883433,0.3628664495114006,0.1024367816091954,3.542345276872964
37,S 52,0,0.596075290016599,0.0016936705913855763,0.28939952308692823,0.08706521739130436,3.3239395910109115
37,S 52,1,0.5681021478254498,0.0013502547909566044,0.3709805621793482,0.11221857923497268,3.30587470192933
37,S 52,2,0.6000897348034269,0.0030404817616730617,0.33961991473372355,0.10681818181818184,3.1794204783582627
37,S 71,0,0.592323890901226,0.0037310298285095707,0.3082439365671642,0.09076394849785409,3.396105410447761
37,S 71,1,0.6007789980648276,0.004252952434910219,0.357451026119403,0.10218333333333333,3.498134328358209
37,S 71,2,0.6190507936419831,0.0070661943342478495,0.33430503731343286,0.1019377777777778,3.279500932835821
37,S 72,0,0.5851160480716509,0.0015555994656279507,0.31979305040900513,0.09997814207650273,3.1986296581136826
37,S 72,1,0.572685459831206,0.0015469795472896751,0.3434244564077466,0.10451063829787234,3.2860239110676086
37,S 72,2,0.6021429045007561,0.002862311219400606,0.33678249318324827,0.10415135135135135,3.2335873592952527
38,REST,0,0.6077271062384654,0.007864187330048913,0.3565979381443299,0.11094158075601375,3.2142857142857144
38,REST,1,0.5990972919987317,0.009722386380374886,0.4484536082474227,0.1291622481442206,3.472017673048601
38,REST,2,0.6039524039349674,0.004192232158965503,0.19494845360824742,0.08526247987117552,2.2864506627393224
38,S 21,0,0.6150646646494139,0.0030258537108432655,0.38977984710007474,0.11741991341991342,3.3195378513536817
38,S 21,1,0.5977567209177111,0.003175104488042299,0.42340633442547565,0.12922807017543858,3.27642697016727
38,S 21,2,0.6259792411166022,0.0014869421224591466,0.1868138184744496,0.08176100628930817,2.284876702879807
38,S 22,0,0.6162555407440733,0.009217990397942848,0.38037456629670097,0.11226591230551626,3.388157264170836
38,S 22,1,0.5990956764531736,0.01039415518114854,0.43448923649050164,0.11898162729658794,3.6517338547357525
38,S 22,2,0.6290977165722135,0.004452417647868795,0.18513619721279737,0.08098951781970651,2.2859278854448215
38,S 51,0,0.6362046916734404,0.0037417666304279096,0.45741873189571935,0.1292,3.5403926617315737
38,S 51,1,0.6028500043569326,0.0025445393690086823,0.3773414869649179,0.12276439790575916,3.0737045381396846
38,S 51,2,0.6540091539231504,0.0012847783041714897,0.16523978113936272,0.0777878787878788,2.124235597038944
38,S 52,0,0.6461966591397333,0.004394703342737936,0.4138710041793742,0.11585770750988143,3.5722354004292334
38,S 52,1,0.6088775428994615,0.003526735280413268,0.4077148989043262,0.11883127572016462,3.431040325313453
38,S 52,2,0.6404917069993131,0.0014780787902126812,0.17841409691629956,0.078,2.2873602168756353
38,S 71,0,0.6208604852056956,0.008099625112057625,0.4097219092261234,0.11416640502354788,3.588813269031415
38,S 71,1,0.5999104150227115,0.007634561739829906,0.41001487357461575,0.1170032154340836,3.5043043223509263
38,S 71,2,0.631938174476209,0.0035749859291419467,0.18026321719926083,0.08509574468085108,2.1183575967909136
38,S 72,0,0.615567607794839,0.0035058400901366114,0.3678400954653938,0.108,3.4059268098647575
38,S 72,1,0.6077485611664538,0.004095326227017401,0.44630071599045346,0.12338144329896908,3.6172434367541766
38,S 72,2,0.6219206374434573,0.0016571059440050775,0.18585918854415273,0.07953191489361702,2.3369132856006365
39,REST,0,0.590152740090511,0.005669997940331559,0.26009766052037026,0.1019657142857143,2.550834487282268
39,REST,1,0.6037497471213741,0.014235619571325036,0.5543910793673931,0.1660873362445415,3.337949129072225
39,REST,2,0.6070944347124184,0.004113432116388077,0.18551126011223673,0.08717123287671233,2.1281247722469208
39,S 21,0,0.5943904559907918,0.0014115174799173616,0.2877179437688992,0.09414736842105266,3.056038087885222
39,S 21,1,0.6122776393801387,0.003465394066972905,0.5334877436788265,0.14873542600896864,3.586823650517918
39,S 21,2,0.6276250225048495,0.0010830908118246276,0.17879431255227435,0.08173529411764706,2.1874798944862643
39,S 22,0,0.5885709410032328,0.005065999206566373,0.2778623273238118,0.09323076923076923,2.980371497697651
39,S 22,1,0.610583604830165,0.015257143369154774,0.5740654023257629,0.16575774647887323,3.4632794817763206
39,S 22,2,0.599915518020431,0.0025820515950473414,0.14807227035042536,0.07608020050125314,1.9462655115897916
39,S 51,0,0.608924442130633,0.0018135189979464946,0.27586206896551724,0.10220408163265308,2.699129668392641
39,S 51,1,0.6161125458705556,0.004230818682068746,0.5480885755205465,0.16311475409836068,3.360141015754104
39,S 51,2,0.6132824473019183,0.0010792046293099432,0.17604935551393633,0.0799,2.2033711578715436
39,S 52,0,0.5889033113277474,0.0026117378511621592,0.3151566789737764,0.09477580071174378,3.325286376976238
39,S 52,1,0.6174697702824037,0.005958609994747368,0.5309571144561204,0.1526122448979592,3.4791252485089466
39,S 52,2,0.610119600279899,0.001293730136623381,0.15388620657010318,0.0778682634730539,1.976237811227871
39,S 71,0,0.5913195138975029,0.004675302748256359,0.27622079818299805,0.09156974789915967,3.0165071382219337
39,S 71,1,0.6274801419385653,0.012995131362150615,0.531310837118754,0.14535367545076283,3.65529688513952
39,S 71,2,0.6188313949982518,0.0034113163120557824,0.19246836469824788,0.08436444444444444,2.281391953277093
39,S 72,0,0.5947664765820618,0.0018582080380577899,0.2549281161997925,0.09511520737327189,2.6802035472555703
39,S 72,1,0.6240956321775638,0.007018201573216478,0.5969072674274987,0.1865945945945946,3.1989526209179386
39,S 72,2,0.6040802852019651,0.0011412144822406886,0.14816461637270886,0.07689743589743589,1.9267822736030829
40,REST,0,0.6232546279029176,0.016190608696609533,0.33541229456011695,0.11300496524329694,2.9681199745337077
40,REST,1,0.6190150899802304,0.01626923386111817,0.3711240538564927,0.1165851851851852,3.1832865665306893
40,REST,2,0.6258904134060446,0.012896842744551546,0.29346365158339033,0.1049146469968388,2.797165695960763
40,S 21,0,0.6335320860914248,0.0023095619991294006,0.35234518298541356,0.10343589743589746,3.4064110402655254
40,S 21,1,0.6217441859693147,0.0024260396221692637,0.3941828980697004,0.11007317073170732,3.5810987859201675
40,S 21,2,0.6408739716274854,0.0015655651901823804,0.253471918944886,0.09140157480314962,2.773167962267447
40,S 22,0,0.6208791098904831,0.009291217014642975,0.36917613974881436,0.11065000000000001,3.336431448249565
40,S 22,1,0.6065974678541338,0.008017004736943006,0.39603441290722335,0.11153020134228189,3.5509163270656083
40,S 22,2,0.6239274539226706,0.0048015493531192305,0.23478944734396226,0.08680176211453745,2.7048926384023257
40,S 51,0,0.6215156799746956,0.0023011143924147985,0.32003898952156606,0.09437125748502993,3.39127609454959
40,S 51,1,0.6271710808072811,0.002350720224791562,0.3924945170985298,0.11108045977011494,3.53342539192592
40,S 51,2,0.6485923572205622,0.0018973932338272432,0.28746649337990415,0.09313157894736843,3.086670457314597
40,S 52,0,0.6339401461650369,0.003852324863060355,0.36595844859043025,0.10956828193832599,3.340003531281267
40,S 52,1,0.6173864959693627,0.0037329382069731997,0.40068271437820024,0.11160655737704919,3.5901359543287623
40,S 52,2,0.6333397385438954,0.002337638811137571,0.23335883703136956,0.08217616580310881,2.839738685186275
40,S 71,0,0.6356477084611795,0.006919557772426331,0.36349805436086485,0.10331808731808734,3.518242195500161
40,S 71,1,0.6402679250380967,0.007475187447052256,0.39518417741888295,0.10614538310412573,3.723046314988736
40,S 71,2,0.6491419760007662,0.004921219516691539,0.2413177682202522,0.08525064599483205,2.8306855086456597
40,S 72,0,0.6470983382967914,0.004283717382094026,0.3851512373968836,0.10867241379310347,3.5441490986862205
40,S 72,1,0.6318548753543191,0.0033671233072202662,0.3772685609532539,0.10121311475409839,3.727467155514818
40,S 72,2,0.6498015536113955,0.002339235311297382,0.23758020164986252,0.08316577540106952,2.8567063855789794
41,REST,0,0.5782334143534159,0.008971829095088483,0.42105022343556975,0.1284046511627907,3.2790885658944284
41,REST,1,0.5696546135807449,0.008003131878415122,0.39411594247106013,0.12590012180267968,3.1303857123247973
41,REST,2,0.5601834693811627,0.003486069812223912,0.18483383409337015,0.08829872495446267,2.0932786310186526
41,S 21,0,0.6463911766185808,0.004739261019699253,0.5304917560659514,0.13901886792452833,3.8159694722442223
41,S 21,1,0.6213585904691539,0.002257958397675501,0.3378932968536252,0.09777083333333332,3.455972352221182
41,S 21,2,0.6259595746835004,0.0008382403277085377,0.13161494708042334,0.07696842105263159,1.7099863201094392
41,S 22,0,0.6425423250494904,0.01426873747954119,0.5342205791743685,0.15237961335676628,3.505853357979051
41,S 22,1,0.6105369106743384,0.005699016353520879,0.31154651879235984,0.09522410546139361,3.271719038817005
41,S 22,2,0.6062220466961502,0.0026507762681430846,0.15423290203327172,0.07702153846153846,2.002464571780653
41,S 51,0,0.6520763722745345,0.0035293131922940063,0.4691314963376352,0.13707006369426752,3.422567143355424
41,S 51,1,0.6179834341659459,0.0018105990147317488,0.31984652947331704,0.10332394366197183,3.0955702825252875
41,S 51,2,0.6363335235416736,0.001198978653014368,0.21102197418904778,0.07934426229508199,2.6595744680851063
41,S 52,0,0.6520466299443514,0.004493443236005424,0.521832498210451,0.16505660377358491,3.161536626103555
41,S 52,1,0.6074567094707919,0.002250232441915557,0.34868368726636445,0.1089192546583851,3.2013043824067444
41,S 52,2,0.6182914245466862,0.000708971135678891,0.1294838145231846,0.07400000000000001,1.7497812773403325
41,S 71,0,0.6699121536062648,0.010055674408642986,0.508080049622931,0.13387526881720432,3.7951748228918416
41,S 71,1,0.6291598110688995,0.005158663062527753,0.33038425124873494,0.09592417061611376,3.4442231726029187
41,S 71,2,0.6139458276723819,0.0022881219175452066,0.16153569912833404,0.07525475285171103,2.1465182331624826
41,S 72,0,0.6825398572668003,0.00546147380543901,0.5445202729827379,0.1605207100591716,3.3922119630670413
41,S 72,1,0.6178070451492493,0.0018585062995893503,0.2960256924929747,0.0970263157894737,3.050983540746688
41,S 72,2,0.6193371137375162,0.0009277557780883632,0.15945403452428744,0.0749433962264151,2.127659574468085
42,REST,0,0.5913072972824016,0.010611599633349414,0.4227832152789515,0.1332493946731235,3.1728715640028886
42,REST,1,0.5827437759510428,0.009400815877515626,0.3891031452145722,0.12459532595325953,3.122935328734078
42,REST,2,0.5941317408108041,0.00406397356525464,0.18811363950647633,0.08887840290381127,2.116528125624203
42,S 21,0,0.6205075880627744,0.0015891616695526587,0.336151567514194,0.10181308411214955,3.3016539126141695
42,S 21,1,0.6099801014751035,0.00189059638243397,0.3981732905455443,0.11784474885844752,3.3787953591705753
42,S 21,2,0.6435082143196236,0.0015955131039311929,0.26567514194026165,0.09159574468085106,2.900518390520859
42,S 22,0,0.6034772462072863,0.004413170323696416,0.32425080172509124,0.10472142857142858,3.0963175937188985
42,S 22,1,0.5911814085607334,0.0056420499191190965,0.42806590733163774,0.12134796238244515,3.5275904014154595
42,S 22,2,0.6117191490138377,0.003408291701905949,0.24768329094327105,0.08818110236220474,2.808802388587858
42,S 51,0,0.596508245386696,0.0011866229663813274,0.2878846006291721,0.09321739130434782,3.0883142791375735
42,S 51,1,0.6156222365032118,0.0018781781558953213,0.4183994475562035,0.11854347826086957,3.5295020333000844
42,S 51,2,0.6354632432884405,0.0013826763092214518,0.2937159518146244,0.10416326530612245,2.8197652113864806
42,S 52,0,0.5952897356847049,0.0016643704541521812,0.3100040338846309,0.1066127167630058,2.90775850477343
42,S 52,1,0.599462952076921,0.002316272723291024,0.42295280354981846,0.12457425742574259,3.3951862310071266
42,S 52,2,0.6195258525396908,0.0013724830243915297,0.2670431625655506,0.10316883116883117,2.5884093048272154
42,S 71,0,0.5917458501912468,0.0034383891486318967,0.2843573988735279,0.09595680345572354,2.9633896569380442
42,S 71,1,0.5987401093618037,0.006058029643389915,0.4499231950844854,0.12575313059033988,3.577828981054788
42,S 71,2,0.6191691899472762,0.003750991250001603,0.2657194060419867,0.09246325167037864,2.8737839221710186
42,S 72,0,0.5780607625471988,0.001847543008364344,0.350187265917603,0.10246575342465754,3.417602996254682
42,S 72,1,0.5776783261930571,0.002155082572950975,0.4229712858926342,0.11992920353982302,3.5268414481897628
42,S 72,2,0.6282033657794518,0.001362095935875809,0.2268414481897628,0.08212429378531075,2.762172284644195
43,REST,0,0.602009772332945,0.03621155223405082,0.36893651856813275,0.148203288490284,2.489394954230855
43,REST,1,0.6076578656335855,0.009950103892828573,0.44999627893130906,0.1469404617253949,3.062439532633772
43,REST,2,0.5773468034847616,0.003157279886934426,0.18106720250055816,0.08799276672694394,2.057750986083203
43,S 21,0,0.5903963266342528,0.00103743394923026,0.22440375813057095,0.0856551724137931,2.6198506384003855
43,S 21,1,0.6282778885311946,0.003542538952455183,0.5308359431462298,0.15600000000000003,3.402794507347627
43,S 21,2,0.6219187459493274,0.0015265081783838374,0.24476029872319924,0.09081564245810056,2.6951337027222357
43,S 22,0,0.6012378868681698,0.004215675261807505,0.25476484560570073,0.09326608695652173,2.7315914489311166
43,S 22,1,0.6326504190743624,0.010755093467805196,0.5008646080760095,0.138,3.629453681710214
43,S 22,2,0.6213908749664747,0.004419025656827206,0.24437054631828978,0.0877815699658703,2.7838479809976246
43,S 51,0,0.5772882828834097,0.0009342417877071944,0.2674241374532354,0.09357575757575759,2.8578356657891093
43,S 51,1,0.621492779344328,0.0021403347495169882,0.4600249411112651,0.12830917874396136,3.5852847443536096
43,S 51,2,0.6120773327060643,0.0010329155702348241,0.2725509214354995,0.08840449438202247,3.082998475820978
43,S 52,0,0.6035734261805727,0.001617401679187776,0.2785610383797695,0.09529186602870814,2.923240461004811
43,S 52,1,0.6460327703271102,0.003860233093814252,0.4849502070045877,0.13543750000000002,3.5806198948192907
43,S 52,2,0.6296762858700544,0.0016102510966605323,0.23648875461564284,0.0853939393939394,2.769385699899295
43,S 71,0,0.6011908651802366,0.0039992206897070965,0.25579438189468895,0.09180408163265308,2.786307289889685
43,S 71,1,0.6392811752199775,0.00933025370305471,0.4976913453883771,0.1400384,3.553963379961333
43,S 71,2,0.6262904821583661,0.004110592732854445,0.24651427271693394,0.08975569358178057,2.746502900034118
43,S 72,0,0.5944132221597714,0.0015856557610730378,0.24349518541282525,0.08927699530516432,2.7274124154886294
43,S 72,1,0.631159538973787,0.004079156565027809,0.4888342552755583,0.14191821561338291,3.444478590452776
43,S 72,2,0.6168137725952141,0.0020152351570643804,0.2676705593116165,0.09290666666666668,2.8810694529809466
44,REST,0,0.6243487588885177,0.013304827180011384,0.47590929843250646,0.14411059907834103,3.3023892862577995
44,REST,1,0.6104739093316464,0.008295360629347158,0.3560340891797291,0.11624844720496896,3.0626997412874752
44,REST,2,0.6267661545473405,0.00427907125980909,0.16805661238776443,0.08413714285714287,1.9974128747527014
44,S 21,0,0.6365988777255944,0.0023957730973612696,0.40860916354149684,0.11456000000000001,3.5667699331485405
44,S 21,1,0.6046790880659634,0.0011818773748666187,0.28721669655959564,0.09394666666666666,3.057231371270178
44,S 21,2,0.6728865958752863,0.0019839162100480988,0.30417413989890757,0.10083783783783784,3.016468286319909
44,S 22,0,0.6602264172696795,0.010301487118355428,0.4620938628158845,0.1284688644688645,3.596932725500013
44,S 22,1,0.6148829152433916,0.0039419066132406425,0.28237898231837466,0.09298047722342734,3.0369706711639304
44,S 22,2,0.664474216505524,0.005012450344899491,0.25552715486574085,0.08937327188940093,2.8591003715512926
44,S 51,0,0.6433644986601409,0.0020757585448969336,0.4317379896860581,0.11782716049382716,3.664163575499864
44,S 51,1,0.6242669883046997,0.0012878802779345212,0.31973219940287706,0.09239215686274509,3.4605989324165387
44,S 51,2,0.6846981976710352,0.0015296794301463154,0.24852981091106488,0.08861290322580646,2.804668415814711
44,S 52,0,0.6589441107945171,0.0033861037301455513,0.4519403844769242,0.13645652173913045,3.311973504211966
44,S 52,1,0.6121538244956191,0.0015143277860842981,0.29706962344301246,0.10125153374233127,2.9339765281877743
44,S 52,2,0.666552618804023,0.0016948388022383957,0.25098999208006334,0.0893846153846154,2.8079775361797106
44,S 71,0,0.6525980639160275,0.0069166814633785205,0.4170490806868257,0.11933043478260871,3.494909588208479
44,S 71,1,0.6215249635346478,0.003811311503415426,0.31262726029478805,0.09820525059665872,3.1834067770855494
44,S 71,2,0.6703786864473207,0.004686149134780593,0.2703236590183863,0.08785185185185185,3.0770399635313783
44,S 72,0,0.6641457994065058,0.0035837409105025134,0.45483576642335766,0.12727659574468086,3.57360097323601
44,S 72,1,0.6214844822849993,0.001452461264209261,0.3083941605839416,0.10535064935064938,2.9273114355231145
44,S 72,2,0.6672450932062152,0.0016795498897744813,0.23677007299270073,0.08531506849315068,2.775243309002433
