Subject,Cond,Int,State,Delta
1,C,H,A,0.0046500454292809495
1,C,H,B,-0.014711973667588668
1,C,H,C,0.07610961475895858
1,C,H,D,-0.02352298281852809
1,C,H,E,-0.006967785643063246
1,C,H,F,0.01047352427238217
1,C,H,G,0.0047733242546065535
1,C,H,H,-0.03258900660854837
1,C,H,I,-0.01821475997749987
1,C,M,A,-0.0072406516624378275
1,C,M,B,-0.02142069728031956
1,C,M,C,0.046738270526250014
1,C,M,D,-0.0208629810027985
1,C,M,E,0.013928097827929031
1,C,M,F,0.009545962190026916
1,C,M,G,0.012953881467230366
1,C,M,H,-0.030338391217340457
1,C,M,I,-0.003303490848539939
1,C,L,A,-0.010586736159393775
1,C,L,B,-0.022159957381433837
1,C,L,C,0.044666775616056004
1,C,L,D,-0.008648891911603465
1,C,L,E,-0.0030216622325175274
1,C,L,F,0.008980327619755549
1,C,L,G,0.006693347098857216
1,C,L,H,-0.024685157241107467
1,C,L,I,0.00876195459138733
1,I,H,A,-0.010535642074403231
1,I,H,B,-0.02428269708611229
1,I,H,C,0.08594230670205974
1,I,H,D,-0.02442261499053716
1,I,H,E,0.03698586243581864
1,I,H,F,-0.020579684218562058
1,I,H,G,-0.0007991267670746233
1,I,H,H,-0.02807679779309362
1,I,H,I,-0.014231606208095382
1,I,M,A,-0.019764822902533133
1,I,M,B,-0.020804262096642892
1,I,M,C,0.0628048364200278
1,I,M,D,-0.023350398661601393
1,I,M,E,0.035622921334675706
1,I,M,F,-0.009752666858975162
1,I,M,G,0.003522518220233778
1,I,M,H,-0.01930880199079925
1,I,M,I,-0.008969323464385434
1,I,L,A,0.0013201509903901093
1,I,L,B,-0.026696967511545676
1,I,L,C,0.06619090622448062
1,I,L,D,-0.01739186507478531
1,I,L,E,0.03595201968331427
1,I,L,F,-0.013363832026864156
1,I,L,G,-0.0017569776868831682
1,I,L,H,-0.04175160680528513
1,I,L,I,-0.0025018277928215427
2,C,H,A,0.005581194905363185
2,C,H,B,0.017796090372012255
2,C,H,C,-0.04490618699726162
2,C,H,D,0.0448635211201948
2,C,H,E,-0.05686815595877308
2,C,H,F,-0.01684131643595936
2,C,H,G,0.01849080079494088
2,C,H,H,-0.02766167646131215
2,C,H,I,0.059545728660795105
2,C,M,A,-0.008953841474167556
2,C,M,B,-0.004328689904856617
2,C,M,C,-0.025126942456518614
2,C,M,D,0.05322197381324663
2,C,M,E,-0.03607888869743919
2,C,M,F,-0.01128467632928827
2,C,M,G,0.029548348722441803
2,C,M,H,-0.04578719662801166
2,C,M,I,0.04878991295459348
2,C,L,A,-0.00791258706127157
2,C,L,B,0.008918904516183948
2,C,L,C,-0.03181067314944648
2,C,L,D,0.05284633523502437
2,C,L,E,-0.032998544976276384
2,C,L,F,-0.03265935834453789
2,C,L,G,0.04465851401432738
2,C,L,H,-0.04046213139611844
2,C,L,I,0.039419541162115074
2,I,H,A,0.0014155899326013383
2,I,H,B,0.019702434181034872
2,I,H,C,-0.02444801620838946
2,I,H,D,0.04887711488797038
2,I,H,E,-0.03599764435915401
2,I,H,F,-0.025028201921462406
2,I,H,G,0.045968486381356116
2,I,H,H,-0.043990724552518415
2,I,H,I,0.013500961658561572
2,I,M,A,-0.01339058996489545
2,I,M,B,0.009321464913010585
2,I,M,C,-0.025555196863499927
2,I,M,D,0.02977941317906424
2,I,M,E,-0.018597589538092207
2,I,M,F,-0.0214851082160009
2,I,M,G,0.04545306891830017
2,I,M,H,-0.03728015501945199
2,I,M,I,0.03175469259156549
2,I,L,A,-0.01166489846484195
2,I,L,B,0.009789819493883078
2,I,L,C,0.00014104493625127779
2,I,L,D,0.02937102855515107
2,I,L,E,-0.03593251525027347
2,I,L,F,-0.028123829454130292
2,I,L,G,0.046536716916495274
2,I,L,H,-0.03084708456042054
2,I,L,I,0.020729717827885547
3,C,H,A,-0.009781283417083772
3,C,H,B,-0.006396100619630599
3,C,H,C,-0.00941222893874366
3,C,H,D,0.030483224030964567
3,C,H,E,0.005358964283860457
3,C,H,F,0.00453422816442281
3,C,H,G,-0.015106333516683432
3,C,H,H,-0.0019199161184934033
3,C,H,I,0.0022394461313870184
3,C,M,A,-0.013589931619101978
3,C,M,B,-0.031919606251084004
3,C,M,C,-0.017483245333363456
3,C,M,D,0.015530337481435758
3,C,M,E,0.01534176471184745
3,C,M,F,0.007762292495997566
3,C,M,G,0.0020855233952696145
3,C,M,H,0.011955017710255492
3,C,M,I,0.010317847408743586
3,C,L,A,-0.012240179286260477
3,C,L,B,-0.006168538814861971
3,C,L,C,-0.01142367049157654
3,C,L,D,0.00787454568251944
3,C,L,E,0.00955869290059641
3,C,L,F,-0.007688775089917513
3,C,L,G,0.006407281630009282
3,C,L,H,0.008602052964466728
3,C,L,I,0.005078590505024655
3,I,H,A,-0.01282229466164475
3,I,H,B,-0.02526393502773104
3,I,H,C,-0.015126234829600821
3,I,H,D,0.028136217938957403
3,I,H,E,0.0014662623622878623
3,I,H,F,0.014594856932689235
3,I,H,G,-0.0073095788872828416
3,I,H,H,0.008053371865267944
3,I,H,I,0.00827133430705701
3,I,M,A,-0.012935396905932942
3,I,M,B,-0.020980325425401916
3,I,M,C,-0.020957415236756594
3,I,M,D,0.0011010192441625044
3,I,M,E,0.02622080680193664
3,I,M,F,0.005200241606902203
3,I,M,G,-0.014187630819466321
3,I,M,H,0.00815981974365039
3,I,M,I,0.028378880990906075
3,I,L,A,-0.011196906392171899
3,I,L,B,-0.02273853377957076
3,I,L,C,-0.01566309396614113
3,I,L,D,0.00998329523543448
3,I,L,E,0.02816101850253558
3,I,L,F,-0.0041608869518597325
3,I,L,G,-0.017382429324553333
3,I,L,H,0.0016199756017677702
3,I,L,I,0.031377561074559024
4,C,H,A,-0.03730477944892509
4,C,H,B,0.030703418754386688
4,C,H,C,0.022854904812796978
4,C,H,D,0.01580882892306054
4,C,H,E,-0.0006450262347969526
4,C,H,F,-0.06213934173368912
4,C,H,G,0.05479744332774934
4,C,H,H,-0.03623246076921746
4,C,H,I,0.012157012368635048
4,C,M,A,-0.021154848701599893
4,C,M,B,0.024441202273994087
4,C,M,C,0.051003266331116126
4,C,M,D,-0.03132894758216219
4,C,M,E,0.02329577772484237
4,C,M,F,-0.04704871722539078
4,C,M,G,0.010588728203950251
4,C,M,H,-0.01817036276676473
4,C,M,I,0.008373901742014758
4,C,L,A,-0.021432118921100418
4,C,L,B,0.050022978400473025
4,C,L,C,0.03691200523157129
4,C,L,D,-0.013168860729109805
4,C,L,E,0.0011332226291771719
4,C,L,F,-0.04944707143072434
4,C,L,G,0.022596417446182362
4,C,L,H,-0.030458050648580308
4,C,L,I,0.0038414780221110445
4,I,H,A,-0.03550920852017411
4,I,H,B,0.008278536379697735
4,I,H,C,0.025711709573369768
4,I,H,D,0.00522162224385464
4,I,H,E,0.05155655880766244
4,I,H,F,-0.06402833733623947
4,I,H,G,0.013085832841205222
4,I,H,H,-0.012448238574129494
4,I,H,I,0.008131524584753289
4,I,M,A,-0.033159217492318066
4,I,M,B,-0.002595692261220292
4,I,M,C,0.041979154565225246
4,I,M,D,-0.022357127715784852
4,I,M,E,0.06489446415964653
4,I,M,F,-0.06324218718865834
4,I,M,G,-0.007929222679483955
4,I,M,H,-0.008347979851286214
4,I,M,I,0.03075780846387996
4,I,L,A,-0.03345394939224271
4,I,L,B,0.010485601209183973
4,I,L,C,0.022366949766407712
4,I,L,D,0.004095262454932608
4,I,L,E,0.054992188519540325
4,I,L,F,-0.06679668239562302
4,I,L,G,-0.01206686682784025
4,I,L,H,-0.011289458889967102
4,I,L,I,0.03166695555560847
5,C,H,A,-0.023302835838792745
5,C,H,B,-0.013906401334241758
5,C,H,C,-0.015966732704721917
5,C,H,D,0.01926684158863423
5,C,H,E,-0.002560299002947908
5,C,H,F,0.026469278082797615
5,C,H,G,-0.016134334092357788
5,C,H,H,0.034551343389882874
5,C,H,I,-0.008416860088252626
5,C,M,A,-0.010521395863922547
5,C,M,B,-0.021180793183684654
5,C,M,C,-0.010234544148022787
5,C,M,D,-0.004194015504068893
5,C,M,E,0.030233867555931604
5,C,M,F,-0.003968795883831477
5,C,M,G,-0.027116151938215996
5,C,M,H,0.04282619256484914
5,C,M,I,0.004155636400965584
5,C,L,A,-0.014525379218612619
5,C,L,B,-0.011387091964409221
5,C,L,C,-0.03434745089675109
5,C,L,D,0.02031595259026317
5,C,L,E,0.004100504452603848
5,C,L,F,0.014261644906238297
5,C,L,G,-0.006716263252108223
5,C,L,H,0.037125622890118684
5,C,L,I,-0.00882753950734283
5,I,H,A,-0.019486760856073253
5,I,H,B,-0.015610247657781975
5,I,H,C,-0.007264690341115404
5,I,H,D,0.01556903394648057
5,I,H,E,0.002360903466449654
5,I,H,F,0.013082567930925201
5,I,H,G,0.008316663014688239
5,I,H,H,0.011690865838004563
5,I,H,I,-0.008658335341577589
5,I,M,A,-0.013974132524699145
5,I,M,B,-0.02773473556907255
5,I,M,C,-0.0002512292766422841
5,I,M,D,0.018660614931292813
5,I,M,E,0.011799700141907343
5,I,M,F,0.005296653329889128
5,I,M,G,-0.02530628859366489
5,I,M,H,0.028830594020198594
5,I,M,I,0.002678823540791006
5,I,L,A,-0.019850512319422767
5,I,L,B,-0.007091870498129121
5,I,L,C,-0.02034345238308416
5,I,L,D,-0.005316589885407105
5,I,L,E,-0.003135914568463072
5,I,L,F,-0.003125070881896133
5,I,L,G,0.002437043943393169
5,I,L,H,0.05657151281962512
5,I,L,I,-0.00014514622661593313
6,C,H,A,-0.04345728271766125
6,C,H,B,-0.02726902127728341
6,C,H,C,0.05729090567905032
6,C,H,D,0.0020426614185338476
6,C,H,E,-0.016751789313490945
6,C,H,F,0.024715421976514357
6,C,H,G,0.04526365835201496
6,C,H,H,-0.025498420767850083
6,C,H,I,-0.01633613334982778
6,C,M,A,-0.03370243707148472
6,C,M,B,-0.031696232452009795
6,C,M,C,0.0426705140875919
6,C,M,D,-0.006212083574102481
6,C,M,E,0.020377415161236728
6,C,M,F,0.008809613295500424
6,C,M,G,-0.009526163499616672
6,C,M,H,0.0014473057395656547
6,C,M,I,0.007832068313319007
6,C,L,A,-0.045925285642169314
6,C,L,B,-0.04444636655715
6,C,L,C,0.03025553972020087
6,C,L,D,0.008324661061185262
6,C,L,E,0.005890974274740779
6,C,L,F,0.04086779675304314
6,C,L,G,0.011428721314167847
6,C,L,H,-0.00984972267709791
6,C,L,I,0.0034536817530793767
6,I,H,A,-0.04666285795883823
6,I,H,B,-0.04294905794240474
6,I,H,C,0.03534655840099002
6,I,H,D,0.0021286145824989805
6,I,H,E,0.009745139063048441
6,I,H,F,0.03037927930724285
6,I,H,G,0.025139658480052424
6,I,H,H,-0.011717268621667512
6,I,H,I,-0.001410065310922165
6,I,M,A,-0.032274118541658625
6,I,M,B,-0.03638343520370438
6,I,M,C,0.032738550529810145
6,I,M,D,-0.009892454754487107
6,I,M,E,0.04046031313243087
6,I,M,F,0.004567123232516679
6,I,M,G,-0.011576862611342359
6,I,M,H,0.014717693341103635
6,I,M,I,-0.002356809124668832
6,I,L,A,-0.038459046058512816
6,I,L,B,-0.05250971624699706
6,I,L,C,0.042458834576583004
6,I,L,D,0.0016083898695366389
6,I,L,E,0.03919488753385422
6,I,L,F,0.022670754830607792
6,I,L,G,-0.000500808016035359
6,I,L,H,-0.007071640934637399
6,I,L,I,-0.007391655554398982
7,C,H,A,-0.05648250061787809
7,C,H,B,-0.06252220538329564
7,C,H,C,0.049982544707170645
7,C,H,D,0.04277463816426978
7,C,H,E,-0.013462425745228157
7,C,H,F,0.04093789996728639
7,C,H,G,0.004513645062873439
7,C,H,H,-0.006170626937778229
7,C,H,I,0.00042903078257985894
7,C,M,A,-0.04081920541189664
7,C,M,B,-0.03955293400214943
7,C,M,C,0.03680757037150137
7,C,M,D,0.003129884522422119
7,C,M,E,0.02060719764080804
7,C,M,F,-0.003805615431068332
7,C,M,G,-0.005501688029735163
7,C,M,H,0.007856986749228745
7,C,M,I,0.021277803590889294
7,C,L,A,-0.05232982823954626
7,C,L,B,-0.045253790888020846
7,C,L,C,0.04382859846211301
7,C,L,D,0.025349153413944656
7,C,L,E,0.016759167419843832
7,C,L,F,0.0012436191652416828
7,C,L,G,0.003378718797646202
7,C,L,H,-0.005084020417835053
7,C,L,I,0.012108382286612748
7,I,H,A,-0.059584184159480386
7,I,H,B,-0.05869072594247922
7,I,H,C,0.032078049297669664
7,I,H,D,0.0773163123379824
7,I,H,E,-0.018786630202098323
7,I,H,F,0.027833031878791964
7,I,H,G,0.005192195506588282
7,I,H,H,-0.005672432946100703
7,I,H,I,0.00031438422912631603
7,I,M,A,-0.05065157118431258
7,I,M,B,-0.05316486615043774
7,I,M,C,0.02492368696586232
7,I,M,D,0.03989918251849438
7,I,M,E,-0.01631891920460178
7,I,M,F,0.016531038728596986
7,I,M,G,0.01340566823363716
7,I,M,H,0.014330566494828445
7,I,M,I,0.011045213597932799
7,I,L,A,-0.05845781576406035
7,I,L,B,-0.0506093256263952
7,I,L,C,0.030773365544576353
7,I,L,D,0.05497880007428736
7,I,L,E,-0.01054278844193629
7,I,L,F,0.009057402189343228
7,I,L,G,0.014901787473765249
7,I,L,H,0.0001597670324248457
7,I,L,I,0.009738807517994802
8,C,H,A,-0.037442640627842194
8,C,H,B,-0.0028925148785863275
8,C,H,C,0.0010364613942983048
8,C,H,D,0.02801416668038656
8,C,H,E,0.005674020448639391
8,C,H,F,0.01398725199800456
8,C,H,G,-0.007435360759237716
8,C,H,H,0.006335642257322749
8,C,H,I,-0.0072770265129853545
8,C,M,A,-0.018538039838919523
8,C,M,B,-0.01850296179060258
8,C,M,C,0.019126306655678077
8,C,M,D,-0.0009720916971774352
8,C,M,E,-0.009847843394778205
8,C,M,F,0.014731512099228114
8,C,M,G,0.0021270887388476073
8,C,M,H,0.006428283450791758
8,C,M,I,0.005447745776932189
8,C,L,A,-0.01245220287093897
8,C,L,B,-0.010749208995969733
8,C,L,C,0.003754789211532855
8,C,L,D,0.007182928835640187
8,C,L,E,-0.005319972254679478
8,C,L,F,0.009659629035046094
8,C,L,G,-0.0012186076469714036
8,C,L,H,0.005731758471036255
8,C,L,I,0.003410886215304193
8,I,H,A,-0.02790717578248335
8,I,H,B,-0.0208653796444324
8,I,H,C,0.010987056568697612
8,I,H,D,0.0005009279184279986
8,I,H,E,0.012271206096507392
8,I,H,F,0.01934651990661765
8,I,H,G,-0.01563147355794993
8,I,H,H,0.021155011172034707
8,I,H,I,0.00014330732258030499
8,I,M,A,-0.015506362599461573
8,I,M,B,-0.014689635680756707
8,I,M,C,-0.0012806041865019852
8,I,M,D,0.021688116867351198
8,I,M,E,-0.004310105814590626
8,I,M,F,0.030749690654541334
8,I,M,G,0.001272265797807537
8,I,M,H,-0.0028955792199643338
8,I,M,I,-0.01502778581842483
8,I,L,A,0.0004763820084072723
8,I,L,B,-0.008400394429199015
8,I,L,C,0.016340302796929218
8,I,L,D,-0.0022331630213690695
8,I,L,E,0.019473444136226675
8,I,L,F,0.016269964626107872
8,I,L,G,-0.019648885192700097
8,I,L,H,-0.008640412072919282
8,I,L,I,-0.013637238851483588
9,C,H,A,-0.024201244360046656
9,C,H,B,-0.017890143914588985
9,C,H,C,0.01246879807287872
9,C,H,D,0.005636842760807281
9,C,H,E,0.007806210583907569
9,C,H,F,0.014727270474522311
9,C,H,G,-0.002606908865396912
9,C,H,H,0.015985090112091524
9,C,H,I,-0.011925914864174852
9,C,M,A,-0.029962559640782926
9,C,M,B,-0.034737449070099596
9,C,M,C,0.011084367910423637
9,C,M,D,0.038179214629023225
9,C,M,E,0.013011686278935605
9,C,M,F,0.003662553559600795
9,C,M,G,0.01176520829692386
9,C,M,H,-0.0062943796180688905
9,C,M,I,-0.006708642345955709
9,C,L,A,-0.01887160833393195
9,C,L,B,-0.020272748414129765
9,C,L,C,0.000844357502666343
9,C,L,D,0.02337448901261356
9,C,L,E,0.010604469670234845
9,C,L,F,9.428637872982426e-06
9,C,L,G,-0.004854547017209582
9,C,L,H,0.0120969296509542
9,C,L,I,-0.002930770709070607
9,I,H,A,-0.0201410955506985
9,I,H,B,-0.02902974614115733
9,I,H,C,-0.0010559452404022146
9,I,H,D,0.02914122059261927
9,I,H,E,0.010014705646505043
9,I,H,F,0.003521138182373984
9,I,H,G,-0.004960347594523046
9,I,H,H,0.006569473284706209
9,I,H,I,0.005940596820576585
9,I,M,A,-0.028642291872928966
9,I,M,B,-0.033556424601020096
9,I,M,C,0.003370285721061128
9,I,M,D,0.03576047672258385
9,I,M,E,0.017696444743886694
9,I,M,F,-0.005243397646055067
9,I,M,G,-0.017969216819363712
9,I,M,H,0.006354813681671442
9,I,M,I,0.022229310070164723
9,I,L,A,-0.006823890008247818
9,I,L,B,-0.026874575752262958
9,I,L,C,-0.0004187640786253166
9,I,L,D,-0.0018389381503270824
9,I,L,E,0.01275003521339381
9,I,L,F,0.005752533511017094
9,I,L,G,-0.012096320021350429
9,I,L,H,0.0052223157937155845
9,I,L,I,0.024327603492687103
10,C,H,A,0.03606954997455179
10,C,H,B,-0.017618352016084624
10,C,H,C,0.02212247310913923
10,C,H,D,-0.02801961806105302
10,C,H,E,-0.00997445258894758
10,C,H,F,0.008979395947255026
10,C,H,G,-0.02164001077012752
10,C,H,H,-0.008396703101965053
10,C,H,I,0.018477717507231775
10,C,M,A,0.03159145893473249
10,C,M,B,-0.007792331960563018
10,C,M,C,0.005407352466467924
10,C,M,D,-0.00923565934417274
10,C,M,E,-0.014143789792126243
10,C,M,F,0.027202121481595454
10,C,M,G,-0.034737999626713756
10,C,M,H,-0.005934380076508761
10,C,M,I,0.007643227917288636
10,C,L,A,0.048123112850126784
10,C,L,B,-0.010425356346682083
10,C,L,C,0.010219379961667052
10,C,L,D,-0.01917538951474934
10,C,L,E,-0.0002924153385436973
10,C,L,F,0.012484310019053313
10,C,L,G,-0.046238115435963054
10,C,L,H,-0.006763990969686065
10,C,L,I,0.01206846477477709
10,I,H,A,0.06706431292668709
10,I,H,B,-0.009525556149530226
10,I,H,C,0.009909492336483638
10,I,H,D,-0.018569309592202488
10,I,H,E,-0.003961596892897046
10,I,H,F,-0.003815128886073854
10,I,H,G,-0.04312183716274737
10,I,H,H,-0.007320167938229399
10,I,H,I,0.009339791358509666
10,I,M,A,0.05294061145755795
10,I,M,B,-0.011203272106054832
10,I,M,C,-0.006239943461589653
10,I,M,D,-0.020033484191404383
10,I,M,E,0.0024538759405719757
10,I,M,F,-0.00864714594464798
10,I,M,G,-0.03595381545377328
10,I,M,H,-0.0027218356364595714
10,I,M,I,0.02940500939579979
10,I,L,A,0.054969581488587535
10,I,L,B,0.004780736881824593
10,I,L,C,0.003912517968039375
10,I,L,D,-0.02131232083746179
10,I,L,E,-0.003101090636003237
10,I,L,F,-0.017416027808612414
10,I,L,G,-0.038391922370362666
10,I,L,H,0.009270587259025645
10,I,L,I,0.007287938054963
11,C,H,A,-0.02799736884285261
11,C,H,B,-0.026557728065142172
11,C,H,C,0.02884592001449804
11,C,H,D,0.004760324905160873
11,C,H,E,-0.011287566436252602
11,C,H,F,0.0027857404552078663
11,C,H,G,0.0917128787822884
11,C,H,H,-0.0074528732817087245
11,C,H,I,-0.05480932753119905
11,C,M,A,-0.026082590581256657
11,C,M,B,-0.021935275849402754
11,C,M,C,-0.006096790741533714
11,C,M,D,0.012869920990906503
11,C,M,E,0.011782804321551849
11,C,M,F,0.01172906304080372
11,C,M,G,0.06567031938647047
11,C,M,H,-0.018250739990629428
11,C,M,I,-0.029686710576910025
11,C,L,A,-0.03315862067062931
11,C,L,B,-0.022484818614637393
11,C,L,C,0.04857657457639819
11,C,L,D,-0.003043791458496564
11,C,L,E,0.008837814960178075
11,C,L,F,0.0048528647022970245
11,C,L,G,0.0416295470816643
11,C,L,H,-0.012420197369867304
11,C,L,I,-0.032789373206907016
11,I,H,A,-0.038242675072425014
11,I,H,B,-0.027841377244181266
11,I,H,C,0.03704792153076891
11,I,H,D,0.019100393367488977
11,I,H,E,-0.002351760437538694
11,I,H,F,0.005068644197735353
11,I,H,G,0.04579733670836794
11,I,H,H,-0.01847698257406427
11,I,H,I,-0.020101500476151946
11,I,M,A,-0.046419872431962134
11,I,M,B,-0.03507228249776149
11,I,M,C,0.012024336535247315
11,I,M,D,0.026675601432143314
11,I,M,E,-0.00823241627473481
11,I,M,F,0.00678786591569458
11,I,M,G,0.06797746518841763
11,I,M,H,-0.023536824915245662
11,I,M,I,-0.00020387295179877252
11,I,L,A,-0.04031851176777651
11,I,L,B,-0.019825315005758848
11,I,L,C,0.05058232526760201
11,I,L,D,-0.00976795652173007
11,I,L,E,0.023272463582459713
11,I,L,F,0.010754157902560374
11,I,L,G,0.012667711311605684
11,I,L,H,-0.010735743262734306
11,I,L,I,-0.01662913150622808
12,C,H,A,-0.03561415376831141
12,C,H,B,-0.025314562967382007
12,C,H,C,0.06803581696240793
12,C,H,D,-0.01788315804330183
12,C,H,E,0.05829805224342666
12,C,H,F,-0.02785952611008731
12,C,H,G,4.910024518620104e-05
12,C,H,H,-0.024655908428852027
12,C,H,I,0.004944339866913769
12,C,M,A,-0.04474344999331012
12,C,M,B,-0.01866379924923102
12,C,M,C,0.05454930305944289
12,C,M,D,-0.02083860814120045
12,C,M,E,0.06911595211940894
12,C,M,F,-0.03638899558543153
12,C,M,G,0.005351208455825762
12,C,M,H,-0.0023919143163870227
12,C,M,I,-0.005989696349117446
12,C,L,A,-0.02863304824719376
12,C,L,B,-0.023845546078915453
12,C,L,C,0.09235013001598691
12,C,L,D,-0.02066860219345354
12,C,L,E,0.02484272709852514
12,C,L,F,-0.010879779889233013
12,C,L,G,-0.002332185516243951
12,C,L,H,-0.026882123580328404
12,C,L,I,-0.003951571609143986
12,I,H,A,-0.012809967735829347
12,I,H,B,-0.01161801982266851
12,I,H,C,0.079390281772729
12,I,H,D,-0.023998395851187723
12,I,H,E,0.04167056041889064
12,I,H,F,-0.035455108313777836
12,I,H,G,-0.006736363867675649
12,I,H,H,-0.020980048760572412
12,I,H,I,-0.00946293783990819
12,I,M,A,-0.030575478437481887
12,I,M,B,-0.002013377196295199
12,I,M,C,0.032341797549788054
12,I,M,D,-0.013892570666165074
12,I,M,E,0.047560569432336525
12,I,M,F,-0.025642753035963764
12,I,M,G,0.006136829002182584
12,I,M,H,-0.009446347463074073
12,I,M,I,-0.004468669185327193
12,I,L,A,-0.012288752696432356
12,I,L,B,-0.024047072349286464
12,I,L,C,0.06766759418856
12,I,L,D,-0.030781139394698204
12,I,L,E,0.027342241951140822
12,I,L,F,-0.012465701727330664
12,I,L,G,0.0008961773562773806
12,I,L,H,-0.012399545570812673
12,I,L,I,-0.003923801757417855
13,C,H,A,0.01015391520704935
13,C,H,B,-0.025840686021062334
13,C,H,C,0.05409711200999881
13,C,H,D,-0.03461430744531466
13,C,H,E,0.005141597839972117
13,C,H,F,0.04386569277455313
13,C,H,G,-0.009392393992270709
13,C,H,H,-0.025086719580239836
13,C,H,I,-0.018324210792685813
13,C,M,A,0.0024068685667917727
13,C,M,B,-0.03511284440170627
13,C,M,C,0.07914286881581487
13,C,M,D,-0.03375629394716795
13,C,M,E,0.03974499784056809
13,C,M,F,0.04403898478014748
13,C,M,G,-0.017692254168652805
13,C,M,H,-0.05975526442885622
13,C,M,I,-0.019017063056938968
13,C,L,A,0.007893009103173088
13,C,L,B,-0.027041699484263125
13,C,L,C,0.0660272904761435
13,C,L,D,-0.030392873926506317
13,C,L,E,0.031042118082799913
13,C,L,F,0.01765480280324669
13,C,L,G,-0.011326450374234145
13,C,L,H,-0.04261270871090786
13,C,L,I,-0.011243487969451696
13,I,H,A,0.012863476759999076
13,I,H,B,-0.01939146940568337
13,I,H,C,0.06290435613850756
13,I,H,D,-0.04721843009533713
13,I,H,E,0.04989995457161192
13,I,H,F,0.008429908671546138
13,I,H,G,-0.01922372106206087
13,I,H,H,-0.03392175610975953
13,I,H,I,-0.014342319468823778
13,I,M,A,0.021594244840646037
13,I,M,B,-0.018968284421119502
13,I,M,C,0.054842919207761825
13,I,M,D,-0.04734432347780369
13,I,M,E,0.0380564156034196
13,I,M,F,0.006650699541615623
13,I,M,G,-0.02747773846411071
13,I,M,H,-0.024010522545631657
13,I,M,I,-0.003343410284777512
13,I,L,A,0.01606202449110343
13,I,L,B,-0.03426092373493781
13,I,L,C,0.017406394779143117
13,I,L,D,-0.026595713652180997
13,I,L,E,0.03555717986073212
13,I,L,F,0.02337541106746019
13,I,L,G,-0.027168324185989995
13,I,L,H,-0.01051917351626483
13,I,L,I,0.006143124890934826
14,C,H,A,0.017483040204173267
14,C,H,B,-0.01785846439967481
14,C,H,C,0.030691849623067258
14,C,H,D,-0.011494300729105011
14,C,H,E,-0.011339318343449228
14,C,H,F,0.0027477368215680503
14,C,H,G,-0.011652419444695361
14,C,H,H,0.012248413837817815
14,C,H,I,-0.01082653756970195
14,C,M,A,0.005213045932423416
14,C,M,B,-0.0008978237347931767
14,C,M,C,-0.001567077774265374
14,C,M,D,-0.00494034334743608
14,C,M,E,0.015687232789144606
14,C,M,F,-0.03704573147468401
14,C,M,G,-0.016532184260501584
14,C,M,H,0.017441003302857694
14,C,M,I,0.022641878567254553
14,C,L,A,0.004955378302733765
14,C,L,B,0.002440386383340265
14,C,L,C,-0.008906114320365588
14,C,L,D,-0.004492834752928124
14,C,L,E,0.0003395063642331886
14,C,L,F,-0.007175120062823337
14,C,L,G,-0.006037270697405103
14,C,L,H,0.01796149733973569
14,C,L,I,0.0009145714434792562
14,I,H,A,0.00632606128985147
14,I,H,B,-0.0009648902103882862
14,I,H,C,0.007191466122133894
14,I,H,D,-0.005844801837311675
14,I,H,E,-0.009099339330019912
14,I,H,F,-0.005548865366891392
14,I,H,G,-0.008679991618955801
14,I,H,H,0.015338434517741556
14,I,H,I,0.001281926433840161
14,I,M,A,0.00898135846100992
14,I,M,B,-0.017945325748992547
14,I,M,C,0.0024423357508905896
14,I,M,D,-0.011321324145448841
14,I,M,E,-0.016751921283576332
14,I,M,F,0.01695702180194794
14,I,M,G,-1.8764070049331893e-05
14,I,M,H,0.015631434811245543
14,I,M,I,0.0020251844229731003
14,I,L,A,-0.010095818448094943
14,I,L,B,-0.007316070856558374
14,I,L,C,0.022243134337708526
14,I,L,D,-0.007872612960687211
14,I,L,E,-0.011268555245034617
14,I,L,F,0.002190975753232141
14,I,L,G,-0.010581691540955604
14,I,L,H,0.019103028373592262
14,I,L,I,0.0035976105867978753
15,C,H,A,-0.02811223885128955
15,C,H,B,-0.04108903353836957
15,C,H,C,0.018698644520272742
15,C,H,D,0.0308300485867119
15,C,H,E,-0.010939228114461005
15,C,H,F,0.01645978674270064
15,C,H,G,0.03918220081844366
15,C,H,H,-0.020438572606921696
15,C,H,I,-0.004591607557087124
15,C,M,A,-0.015394235999189015
15,C,M,B,-0.008250200421519305
15,C,M,C,-0.0010534916547662448
15,C,M,D,0.024007873760281212
15,C,M,E,-0.018998262558238763
15,C,M,F,0.013350859101874113
15,C,M,G,0.04701729826830568
15,C,M,H,-0.027783131735569247
15,C,M,I,-0.012896708761178446
15,C,L,A,-0.016088868714955906
15,C,L,B,-0.027371217592597447
15,C,L,C,0.012366421054013213
15,C,L,D,0.02675955287530049
15,C,L,E,-0.021774195031681792
15,C,L,F,-0.0006240293375846251
15,C,L,G,0.04651626365981186
15,C,L,H,-0.03231257944015754
15,C,L,I,0.012528652527851764
15,I,H,A,-0.035908171656890434
15,I,H,B,-0.03531194521304651
15,I,H,C,0.05447613925157459
15,I,H,D,-0.004653366768946177
15,I,H,E,-0.003484840351399704
15,I,H,F,0.023630164157171313
15,I,H,G,0.06117297412701113
15,I,H,H,-0.04064408463836111
15,I,H,I,-0.01927686890711311
15,I,M,A,-0.026368686935558105
15,I,M,B,-0.0471779107268169
15,I,M,C,0.045421758108212265
15,I,M,D,0.007375233744878001
15,I,M,E,0.0067097437048316555
15,I,M,F,0.015077919880862156
15,I,M,G,0.006331305853607097
15,I,M,H,-0.030301354312893658
15,I,M,I,0.022931990682877476
15,I,L,A,-0.02534581766134253
15,I,L,B,-0.06615180268835365
15,I,L,C,0.04871904047770996
15,I,L,D,0.009516376341279248
15,I,L,E,0.034299072037286576
15,I,L,F,-0.007543423090321952
15,I,L,G,0.015495189144070276
15,I,L,H,-0.02337202629178063
15,I,L,I,0.014383391731452685
16,C,H,A,-0.03782457789151278
16,C,H,B,-0.030671450017018667
16,C,H,C,0.02799561887900015
16,C,H,D,0.012236427418143278
16,C,H,E,0.020358878997182153
16,C,H,F,0.0011648806215718288
16,C,H,G,-0.014182504499175755
16,C,H,H,0.009749816854859344
16,C,H,I,0.011172909636950445
16,C,M,A,-0.027308587528211803
16,C,M,B,-0.04377629777649333
16,C,M,C,0.03065566704813147
16,C,M,D,-0.0008587696375571691
16,C,M,E,0.03583959536488347
16,C,M,F,0.004904416116590982
16,C,M,G,-0.01959619022055105
16,C,M,H,-5.080948030429522e-05
16,C,M,I,0.0201909761135117
16,C,L,A,-0.008462070637178049
16,C,L,B,-0.02062357079751062
16,C,L,C,0.022116830541504456
16,C,L,D,-0.0027173596924939536
16,C,L,E,0.020253741499919695
16,C,L,F,-0.0038995117465628615
16,C,L,G,-0.019837955767014956
16,C,L,H,0.0005522848301913047
16,C,L,I,0.012617611769144998
16,I,H,A,-0.023694978952323115
16,I,H,B,-0.02578183547986422
16,I,H,C,0.01301826404702977
16,I,H,D,-0.004196700665153388
16,I,H,E,0.04272764909231415
16,I,H,F,-0.004882409888546921
16,I,H,G,-0.027655807218327222
16,I,H,H,0.016348392703971815
16,I,H,I,0.014117426360899105
16,I,M,A,-0.04283797396931474
16,I,M,B,-0.04637192069839835
16,I,M,C,0.01895210421663171
16,I,M,D,-0.005899024658297711
16,I,M,E,0.07189565198920174
16,I,M,F,-0.012208402807171656
16,I,M,G,-0.041077887215478864
16,I,M,H,0.027058942319167265
16,I,M,I,0.03048851082366058
16,I,L,A,-0.011756311529615843
16,I,L,B,-0.04263142964977145
16,I,L,C,0.026068530841125953
16,I,L,D,-0.012563583163265848
16,I,L,E,0.06094328016057114
16,I,L,F,-0.0026756166637778855
16,I,L,G,-0.026552169800400413
16,I,L,H,0.0014563426519967476
16,I,L,I,0.007710957153137604
17,C,H,A,0.004275979207389924
17,C,H,B,-0.018785028387456326
17,C,H,C,0.006161653914572671
17,C,H,D,-0.005114098421563795
17,C,H,E,0.011167273518966098
17,C,H,F,0.0022019654266717814
17,C,H,G,0.004789715353611765
17,C,H,H,-0.015972632110665116
17,C,H,I,0.011275171498473069
17,C,M,A,0.018645294044777022
17,C,M,B,-0.03649749083850423
17,C,M,C,-0.0009267167983932345
17,C,M,D,0.008531627976362324
17,C,M,E,0.005670499870654322
17,C,M,F,0.004196691081961426
17,C,M,G,-0.007007219413181762
17,C,M,H,-0.0072454720656264515
17,C,M,I,0.014632786141950627
17,C,L,A,0.0001917503048334268
17,C,L,B,0.0004185874333834938
17,C,L,C,-0.00045225604758697413
17,C,L,D,0.006677532911563255
17,C,L,E,0.005204110567531894
17,C,L,F,-0.010229615451504762
17,C,L,G,-0.010856692004870966
17,C,L,H,-0.007344909533172905
17,C,L,I,0.016391491819823606
17,I,H,A,-0.0008203709295458439
17,I,H,B,-0.02259038254132173
17,I,H,C,0.010028520482748104
17,I,H,D,-0.0060659713518605995
17,I,H,E,-0.0012458930887772751
17,I,H,F,0.014788999648294346
17,I,H,G,-0.0005904359915440555
17,I,H,H,0.009799740333500812
17,I,H,I,-0.0033042065614937027
17,I,M,A,0.0049964841257487125
17,I,M,B,0.007910298619631134
17,I,M,C,0.011831879280816346
17,I,M,D,0.003988262317508831
17,I,M,E,0.0038730502519880305
17,I,M,F,-0.0026608500846469207
17,I,M,G,-0.006918777446554711
17,I,M,H,-0.013972768665888896
17,I,M,I,-0.009047578398602499
17,I,L,A,-0.0030564792047185485
17,I,L,B,0.0008921258710879454
17,I,L,C,-0.001394377131064245
17,I,L,D,0.00846648636709528
17,I,L,E,0.0009751747428555918
17,I,L,F,-0.0056254582192729885
17,I,L,G,-0.007263297747249223
17,I,L,H,0.005552417756574141
17,I,L,I,0.0014534075646921024
18,C,H,A,0.005597539068303695
18,C,H,B,-0.008505747126436786
18,C,H,C,-0.021165498331915125
18,C,H,D,0.044828599213906584
18,C,H,E,-0.02445763604684144
18,C,H,F,-0.012924821373097237
18,C,H,G,0.016548685116901024
18,C,H,H,-0.012766927347137247
18,C,H,I,0.012845806826316572
18,C,M,A,0.014376072336880666
18,C,M,B,0.0018779342723004577
18,C,M,C,-0.01787830390096158
18,C,M,D,0.02675752911515314
18,C,M,E,-0.025356939916033605
18,C,M,F,-0.005386372287780744
18,C,M,G,0.030525534720268338
18,C,M,H,-0.03089061198369221
18,C,M,I,0.005975157643865553
18,C,L,A,0.003728465172194162
18,C,L,B,-0.015468637057264478
18,C,L,C,0.0004053398133845587
18,C,L,D,0.019069693268116306
18,C,L,E,-0.01865782492517555
18,C,L,F,-0.0010255878720259043
18,C,L,G,0.029045036330901275
18,C,L,H,-0.018867669843931567
18,C,L,I,0.001771185113801213
18,I,H,A,0.015573300233522616
18,I,H,B,-0.007562022900763368
18,I,H,C,-0.01749304066761749
18,I,H,D,0.013636180156259836
18,I,H,E,-0.002172604898293573
18,I,H,F,-0.017298285881301154
18,I,H,G,-0.0144136295273036
18,I,H,H,-0.0032718299530861694
18,I,H,I,0.03300193343858296
18,I,M,A,0.00897041161769603
18,I,M,B,-0.005733186328555684
18,I,M,C,-0.021399818878367366
18,I,M,D,0.026880076231737243
18,I,M,E,-0.003010272628219998
18,I,M,F,-0.01099183527518699
18,I,M,G,-0.018953348871617398
18,I,M,H,-0.0136470550892199
18,I,M,I,0.037885029221734076
18,I,L,A,-0.00906398735756761
18,I,L,B,-0.02730018336749003
18,I,L,C,0.018585734346428046
18,I,L,D,-0.006346924015741676
18,I,L,E,0.02413657132579626
18,I,L,F,-0.010748352170528844
18,I,L,G,0.00393452676624137
18,I,L,H,-0.02282740514404938
18,I,L,I,0.02963001961691189
19,C,H,A,-0.007633842311418407
19,C,H,B,0.04777981191347305
19,C,H,C,-0.03345795433535251
19,C,H,D,0.0012509750311583273
19,C,H,E,-0.01625238396384683
19,C,H,F,-0.031930636300283366
19,C,H,G,0.03421812709647434
19,C,H,H,-0.0013267976541163212
19,C,H,I,0.007352700523911723
19,C,M,A,-0.0013297438801012085
19,C,M,B,0.05399149835879935
19,C,M,C,-0.022841754433685302
19,C,M,D,-0.00577678835247504
19,C,M,E,-0.027203322719946438
19,C,M,F,-0.02912279923336686
19,C,M,G,0.06924492230942925
19,C,M,H,-0.017287072341758122
19,C,M,I,-0.019674939706895614
19,C,L,A,0.004487429318665748
19,C,L,B,0.029811285405777335
19,C,L,C,-0.002466548404120722
19,C,L,D,-0.014364511042621708
19,C,L,E,0.0009522725353789951
19,C,L,F,-0.03078131832633993
19,C,L,G,0.03992905927507551
19,C,L,H,-0.010869081289327787
19,C,L,I,-0.01669858747248744
19,I,H,A,0.01590819393820052
19,I,H,B,0.03790107462999842
19,I,H,C,-0.03712885765497066
19,I,H,D,0.01991644429150846
19,I,H,E,-0.03629877103226839
19,I,H,F,-0.035086171224945714
19,I,H,G,0.04362026902446678
19,I,H,H,-0.01656051854804931
19,I,H,I,0.00772833657605991
19,I,M,A,0.009577310096720748
19,I,M,B,0.039779970242387636
19,I,M,C,-0.018101150827286222
19,I,M,D,0.0009291782418745648
19,I,M,E,-0.014978288919431731
19,I,M,F,-0.021068720118272988
19,I,M,G,0.026233059935771436
19,I,M,H,-0.01953723309574612
19,I,M,I,-0.0028341255560172945
19,I,L,A,-0.009187368877912244
19,I,L,B,0.00909055097512887
19,I,L,C,0.0014043265245556324
19,I,L,D,-0.00855398682863763
19,I,L,E,0.009687408967179734
19,I,L,F,-0.036923948956920596
19,I,L,G,0.024674030915480982
19,I,L,H,0.005703577995501544
19,I,L,I,0.004105409285623696
20,C,H,A,-0.02448158673944996
20,C,H,B,-0.03184373832960438
20,C,H,C,0.009587240033331196
20,C,H,D,-0.015109648499634337
20,C,H,E,0.0896079196973237
20,C,H,F,-0.013337334603956738
20,C,H,G,-0.03201069538777529
20,C,H,H,-0.004889517194750906
20,C,H,I,0.02247736102451671
20,C,M,A,-0.012187599934924048
20,C,M,B,-0.02400670958158485
20,C,M,C,0.022820463661221396
20,C,M,D,-0.025903457962599435
20,C,M,E,0.07976606371565897
20,C,M,F,-0.016891045920532484
20,C,M,G,-0.023867265561946183
20,C,M,H,-0.0030971600760495294
20,C,M,I,0.003366711660756111
20,C,L,A,-0.006350411128603392
20,C,L,B,-0.036054173258212016
20,C,L,C,0.019548629049652766
20,C,L,D,-0.005806583352419806
20,C,L,E,0.03719433641790093
20,C,L,F,-0.006990779655637255
20,C,L,G,-0.009229258874073082
20,C,L,H,-0.01357667299507069
20,C,L,I,0.021264913796462545
20,I,H,A,-0.024630404358058355
20,I,H,B,-0.03753073136003218
20,I,H,C,-0.008504185919778556
20,I,H,D,-0.018595705186123496
20,I,H,E,0.11647315279661738
20,I,H,F,-0.018722007103945823
20,I,H,G,-0.03465574194092816
20,I,H,H,0.008795469894883903
20,I,H,I,0.017370153177365275
20,I,M,A,-0.027958100034459463
20,I,M,B,-0.03514172518346234
20,I,M,C,-0.002844109163929631
20,I,M,D,-0.01760604132651293
20,I,M,E,0.10119599197820225
20,I,M,F,-0.013119301028618358
20,I,M,G,-0.024641183444024287
20,I,M,H,0.003833887060568239
20,I,M,I,0.01628058114223653
20,I,L,A,-0.0319618086144452
20,I,L,B,-0.04365839369269359
20,I,L,C,0.017650267663978175
20,I,L,D,-0.0006239611046011534
20,I,L,E,0.10959899100331807
20,I,L,F,-0.02210692904498033
20,I,L,G,-0.030285210017155673
20,I,L,H,-0.014006191734193513
20,I,L,I,0.015393235540773195
21,C,H,A,-0.01945249519994456
21,C,H,B,-0.020134485882238387
21,C,H,C,0.02552872367753295
21,C,H,D,0.026056178530404983
21,C,H,E,0.0014302354347344587
21,C,H,F,-0.030803766214232517
21,C,H,G,-0.003945321892163428
21,C,H,H,-0.008126181088764652
21,C,H,I,0.02944711263467112
21,C,M,A,-0.014528282478626711
21,C,M,B,-0.0028371149563730658
21,C,M,C,0.007766509701186836
21,C,M,D,0.015939916906310442
21,C,M,E,0.015943034827506683
21,C,M,F,-0.014380133767536843
21,C,M,G,0.004083752650088007
21,C,M,H,-0.011546966303275827
21,C,M,I,-0.0004407165792795209
21,C,L,A,-0.020968873787004128
21,C,L,B,-0.008702671026200322
21,C,L,C,0.00710281037831198
21,C,L,D,0.019493654344211964
21,C,L,E,0.017371568124885536
21,C,L,F,-0.028354432017125897
21,C,L,G,-0.005532221875143656
21,C,L,H,-0.004634351970501417
21,C,L,I,0.02422451782856594
21,I,H,A,-0.014678928649697831
21,I,H,B,-0.0070567394875630865
21,I,H,C,-0.017934472223812115
21,I,H,D,0.040705298638473525
21,I,H,E,0.004136897682966295
21,I,H,F,-0.03200925418087387
21,I,H,G,-0.008974427447078395
21,I,H,H,-0.0056137552524126305
21,I,H,I,0.04142538091999809
21,I,M,A,-0.023511998794034247
21,I,M,B,-0.019380465294835815
21,I,M,C,0.004702024143969197
21,I,M,D,0.021613448940792396
21,I,M,E,0.014928864494398744
21,I,M,F,-0.03460505352388818
21,I,M,G,-0.015115346396395793
21,I,M,H,0.003394977636622054
21,I,M,I,0.04797354879337165
21,I,L,A,-0.017672720320846005
21,I,L,B,-0.014993923633242402
21,I,L,C,0.02370996428635086
21,I,L,D,0.002682442733279805
21,I,L,E,0.020889383952901644
21,I,L,F,-0.035122400114856456
21,I,L,G,-0.0076814451096021
21,I,L,H,-0.018691555440839495
21,I,L,I,0.046880253646854164
22,C,H,A,0.01034879004494936
22,C,H,B,0.0068211864707619085
22,C,H,C,-0.007087009258230942
22,C,H,D,0.0029170528776543414
22,C,H,E,-0.010303808574224499
22,C,H,F,-0.0018708630887962763
22,C,H,G,-0.014816836441460937
22,C,H,H,0.0027166257667367855
22,C,H,I,0.011274862202610286
22,C,M,A,-0.004529984944730725
22,C,M,B,-0.002819371150579175
22,C,M,C,7.314530621446713e-05
22,C,M,D,-0.013208191127754648
22,C,M,E,0.006176380899248823
22,C,M,F,0.006826250917323112
22,C,M,G,0.0009220554819145965
22,C,M,H,0.012703882890536228
22,C,M,I,-0.006144168272172651
22,C,L,A,0.006996416288436932
22,C,L,B,0.010641412283235466
22,C,L,C,-0.014464316841882416
22,C,L,D,0.0034078662755406275
22,C,L,E,-0.007383508986534865
22,C,L,F,-0.003842299578955155
22,C,L,G,-0.0009393110050775477
22,C,L,H,0.005865739746089005
22,C,L,I,-0.0002819981808520333
22,I,H,A,0.001185467002865731
22,I,H,B,-0.008219067560816917
22,I,H,C,-0.009325826152572853
22,I,H,D,-0.005240115561517961
22,I,H,E,0.015897082029090293
22,I,H,F,-0.0016744811060593612
22,I,H,G,-0.014294989353522011
22,I,H,H,0.011753998564333484
22,I,H,I,0.009917932138199609
22,I,M,A,0.0038725144913573095
22,I,M,B,0.000680619479194941
22,I,M,C,-0.02203969299187214
22,I,M,D,-0.0003323988817847401
22,I,M,E,0.01185212803557606
22,I,M,F,0.0013932597389061108
22,I,M,G,-0.015427895064667824
22,I,M,H,0.024559033017710313
22,I,M,I,-0.004557567824420017
22,I,L,A,-0.0003076451692041876
22,I,L,B,0.018880331467848163
22,I,L,C,-0.005658233541409374
22,I,L,D,0.0033109959132664735
22,I,L,E,0.004345967993894029
22,I,L,F,-0.010445598636217815
22,I,L,G,-0.005722527777836023
22,I,L,H,-0.007209459771151311
22,I,L,I,0.002806169520810059
23,C,H,A,-0.016289082306135974
23,C,H,B,-0.012384906612970675
23,C,H,C,-0.007474078491070235
23,C,H,D,-0.012821314352570265
23,C,H,E,0.02385433506874099
23,C,H,F,-0.004551709623264968
23,C,H,G,-0.02314025129300354
23,C,H,H,0.04101286604135368
23,C,H,I,0.011794141568920974
23,C,M,A,-0.013842905236684244
23,C,M,B,-0.018769806026868438
23,C,M,C,0.0019006272556755244
23,C,M,D,0.018223070750318066
23,C,M,E,-0.015423806906627785
23,C,M,F,0.006360012776997381
23,C,M,G,-0.0029173315987656157
23,C,M,H,0.02526267311944999
23,C,M,I,-0.0007925341334948932
23,C,L,A,-0.009600377825084772
23,C,L,B,-0.0002845278010031732
23,C,L,C,0.021564677649408878
23,C,L,D,-0.007059833646818767
23,C,L,E,0.013077111352182924
23,C,L,F,-0.008360561260769478
23,C,L,G,0.001179707134271707
23,C,L,H,0.0013097531081284475
23,C,L,I,-0.011825948710315767
23,I,H,A,-0.02438309157531554
23,I,H,B,-0.009979046493744315
23,I,H,C,0.003254314791834176
23,I,H,D,-0.00807479474884265
23,I,H,E,0.03645933747423613
23,I,H,F,-0.021694407113822436
23,I,H,G,-0.011563516715483724
23,I,H,H,0.03789824594837882
23,I,H,I,-0.0019170415672404573
23,I,M,A,-0.022250775524292846
23,I,M,B,-0.015649390034351715
23,I,M,C,-0.005443649698053957
23,I,M,D,0.006100473514751542
23,I,M,E,0.03867811691712689
23,I,M,F,-0.013936777376890336
23,I,M,G,-0.0368030241217351
23,I,M,H,0.022595149412417526
23,I,M,I,0.026709876911027997
23,I,L,A,-0.017697460431174566
23,I,L,B,-0.012425258541409565
23,I,L,C,0.004898844875187713
23,I,L,D,-0.0027688930452188926
23,I,L,E,0.040583030847567286
23,I,L,F,-0.020539537607785152
23,I,L,G,-0.024305186979056592
23,I,L,H,0.025495313697769056
23,I,L,I,0.006759147184120712
24,C,H,A,0.013433064940756398
24,C,H,B,-0.011536534979964791
24,C,H,C,0.011721415119042428
24,C,H,D,-0.016334161112598333
24,C,H,E,0.007146606655438592
24,C,H,F,-0.006167365134528785
24,C,H,G,-0.01544020615133862
24,C,H,H,0.0014980071273051065
24,C,H,I,0.01567917353588802
24,C,M,A,0.010308878999773202
24,C,M,B,-0.01801899572206249
24,C,M,C,0.0070202162582405775
24,C,M,D,0.0032393975817105736
24,C,M,E,-0.0035302891513525336
24,C,M,F,-0.009836643706960593
24,C,M,G,-0.0031435526273752012
24,C,M,H,0.012990140969883171
24,C,M,I,0.0009708473981432791
24,C,L,A,-0.01377833038564659
24,C,L,B,-0.009692161798791787
24,C,L,C,0.0005610462634895591
24,C,L,D,0.007145173068775712
24,C,L,E,0.01088296155582058
24,C,L,F,-0.020762908395471263
24,C,L,G,-0.00983393743716679
24,C,L,H,0.013070739223051658
24,C,L,I,0.022407417905938934
24,I,H,A,-0.005029657297889623
24,I,H,B,-0.007871886534821348
24,I,H,C,0.02098601228686138
24,I,H,D,-0.015331080661686425
24,I,H,E,0.015550623014150528
24,I,H,F,-0.010919509433386265
24,I,H,G,-0.01147505766102154
24,I,H,H,-0.0019890066164887504
24,I,H,I,0.016079562904282044
24,I,M,A,-0.0048007144091938014
24,I,M,B,-0.0013329733660854964
24,I,M,C,0.0027297830492387237
24,I,M,D,0.011674005429523127
24,I,M,E,0.01826574427258787
24,I,M,F,-0.023702922387120767
24,I,M,G,0.012509698769990224
24,I,M,H,-0.011919322092074663
24,I,M,I,-0.003423299266865215
24,I,L,A,-0.01759480937292976
24,I,L,B,-0.015035627323816303
24,I,L,C,0.018496542758599382
24,I,L,D,0.0031345286495491897
24,I,L,E,0.030692006920318357
24,I,L,F,-0.04204260547520963
24,I,L,G,0.0002507390817481081
24,I,L,H,0.0003248247707079571
24,I,L,I,0.021774399991032714
25,C,H,A,-0.035348877287665365
25,C,H,B,-0.025761234189983086
25,C,H,C,-0.04136258854769563
25,C,H,D,0.07783372987488596
25,C,H,E,-0.017961350938350107
25,C,H,F,-0.01169739518637819
25,C,H,G,0.017007255741958854
25,C,H,H,-0.02866396215814332
25,C,H,I,0.06595442269137086
25,C,M,A,-0.011862411493208214
25,C,M,B,-0.016252968341038926
25,C,M,C,-0.03146637034600523
25,C,M,D,0.07415747237711603
25,C,M,E,-0.02046506738456115
25,C,M,F,-0.060294536456167835
25,C,M,G,0.016868008918836247
25,C,M,H,-0.03791645411080788
25,C,M,I,0.08723232683583695
25,C,L,A,-0.02806122127533047
25,C,L,B,-0.02454433642527039
25,C,L,C,-0.028116095462937668
25,C,L,D,0.07616946762775562
25,C,L,E,-0.010684029246423324
25,C,L,F,-0.019887494515402296
25,C,L,G,0.03318159279676022
25,C,L,H,-0.03794326974741981
25,C,L,I,0.039885386248268095
25,I,H,A,-0.035923565865088956
25,I,H,B,-0.02120496529452253
25,I,H,C,-0.029912894359897177
25,I,H,D,0.07490638084114423
25,I,H,E,0.002722988935768736
25,I,H,F,-0.032654559958670185
25,I,H,G,0.014905059248200125
25,I,H,H,-0.012629694319715876
25,I,H,I,0.03979125077278162
25,I,M,A,-0.0387756744376476
25,I,M,B,-0.023968531385972457
25,I,M,C,-0.020255968257358842
25,I,M,D,0.09192229972164509
25,I,M,E,-0.009095592063899816
25,I,M,F,-0.034506252715770014
25,I,M,G,0.01362686625192136
25,I,M,H,-0.020283267466982016
25,I,M,I,0.04133612035406428
25,I,L,A,-0.04211066790968893
25,I,L,B,-0.029312949337756085
25,I,L,C,-0.006100794153685696
25,I,L,D,0.05902996868023777
25,I,L,E,0.01266240902113236
25,I,L,F,-0.023834662756898023
25,I,L,G,0.026673731592998906
25,I,L,H,-0.01804703524785918
25,I,L,I,0.021040000111518853
26,C,H,A,0.025320604319472167
26,C,H,B,0.01698663272510538
26,C,H,C,-0.028336770659117078
26,C,H,D,-0.007093157331112654
26,C,H,E,0.03107933190084347
26,C,H,F,-0.04560853199498116
26,C,H,G,-0.0419165516636332
26,C,H,H,-0.014809837668170178
26,C,H,I,0.06437828037159327
26,C,M,A,0.0414904762501188
26,C,M,B,0.025792663474523886
26,C,M,C,-0.008746871525708189
26,C,M,D,-0.040031374996224084
26,C,M,E,0.016096566616886132
26,C,M,F,-0.03462790956397706
26,C,M,G,-0.031591493644325355
26,C,M,H,-0.015481499545786412
26,C,M,I,0.04709944293449231
26,C,L,A,0.0502471176984297
26,C,L,B,0.01748308759110133
26,C,L,C,-0.0259455632348546
26,C,L,D,-0.009912601930222337
26,C,L,E,0.007366590246684068
26,C,L,F,-0.04545988836807667
26,C,L,G,-0.03030844951362109
26,C,L,H,-0.011883983369445156
26,C,L,I,0.04841369088000477
26,I,H,A,0.0156496882698014
26,I,H,B,0.014841644951284386
26,I,H,C,-0.02658206920182786
26,I,H,D,-0.004710839203306533
26,I,H,E,0.02415326950513949
26,I,H,F,-0.05053859708291912
26,I,H,G,-0.04131859936609676
26,I,H,H,0.005310238487806637
26,I,H,I,0.06319526364011838
26,I,M,A,0.03384057737884588
26,I,M,B,0.00683184270072601
26,I,M,C,-0.03016332614826968
26,I,M,D,-0.019383988032043234
26,I,M,E,0.021524895709337355
26,I,M,F,-0.058322207208656385
26,I,M,G,-0.0531531169235059
26,I,M,H,0.01485793413334191
26,I,M,I,0.08396738839022402
26,I,L,A,0.01299498754848448
26,I,L,B,0.02515747504920099
26,I,L,C,-0.033050653147271805
26,I,L,D,0.0358610334439427
26,I,L,E,0.016842696915463445
26,I,L,F,-0.07220751676655476
26,I,L,G,-0.04624327267863626
26,I,L,H,-0.014113713226630312
26,I,L,I,0.07475896286200154
27,C,H,A,-0.021293483662296067
27,C,H,B,0.029243068430052352
27,C,H,C,0.0569305902957353
27,C,H,D,-0.025735374283660115
27,C,H,E,0.01172337520932415
27,C,H,F,-0.034464409261178636
27,C,H,G,-0.01966278627664042
27,C,H,H,0.001747185236284754
27,C,H,I,0.001511834312378696
27,C,M,A,0.007436067882064273
27,C,M,B,0.030304800428456027
27,C,M,C,0.03024954142129907
27,C,M,D,-0.03829996924154397
27,C,M,E,0.042610232998466405
27,C,M,F,-0.033518383858758674
27,C,M,G,-0.05754199327551636
27,C,M,H,0.010947977872570458
27,C,M,I,0.007811725772962769
27,C,L,A,0.007894102265549097
27,C,L,B,0.030088294065483037
27,C,L,C,0.044571196174953254
27,C,L,D,-0.026029331128189365
27,C,L,E,0.00228300010629999
27,C,L,F,-0.028220099643859423
27,C,L,G,-0.03875268705567414
27,C,L,H,0.005670383980008478
27,C,L,I,0.002495141235429099
27,I,H,A,-0.011423890904899994
27,I,H,B,-0.008554537657917638
27,I,H,C,0.08068178470302434
27,I,H,D,-0.015556400480174079
27,I,H,E,-7.378896469188712e-05
27,I,H,F,-0.008203046212303597
27,I,H,G,-0.015410979800244778
27,I,H,H,-0.020133283904852382
27,I,H,I,-0.0013258567779399905
27,I,M,A,-0.0052706243638991485
27,I,M,B,-0.00749325003787131
27,I,M,C,0.03756781784605684
27,I,M,D,-0.010100388132916041
27,I,M,E,0.026581538934694185
27,I,M,F,-0.01969549258948107
27,I,M,G,-0.047422816876040205
27,I,M,H,0.01632652366093293
27,I,M,I,0.009506691558523836
27,I,L,A,0.0018067687137427874
27,I,L,B,-0.012413985057837987
27,I,L,C,0.06136844269032496
27,I,L,D,-0.016974653631625494
27,I,L,E,0.038733766138092554
27,I,L,F,-0.021318583054454138
27,I,L,G,-0.07449088814730306
27,I,L,H,-0.002989920446315922
27,I,L,I,0.026279052795376304
28,C,H,A,-0.021433365187168818
28,C,H,B,0.00559371169379301
28,C,H,C,-0.02475385455369518
28,C,H,D,0.05253548558028756
28,C,H,E,-0.05576250364509777
28,C,H,F,0.012368109436113134
28,C,H,G,0.026911271653854985
28,C,H,H,-0.0015687805373852254
28,C,H,I,0.006109925559298318
28,C,M,A,0.010082151856263724
28,C,M,B,-0.011349694625389858
28,C,M,C,-0.0075140556176205575
28,C,M,D,0.021701773373407174
28,C,M,E,-0.020326180254963216
28,C,M,F,0.0004389026908631355
28,C,M,G,-0.0049905211264502924
28,C,M,H,0.019571989626141206
28,C,M,I,-0.007614365922251315
28,C,L,A,-0.01076629560559289
28,C,L,B,0.011191221794758371
28,C,L,C,-0.0248304824957198
28,C,L,D,0.05054791539954234
28,C,L,E,-0.03650971373710815
28,C,L,F,-0.005940827492024847
28,C,L,G,0.02641307776707119
28,C,L,H,-0.0038628899793612947
28,C,L,I,-0.006242005651564908
28,I,H,A,-0.01883782146409601
28,I,H,B,-0.00011291612282125774
28,I,H,C,-0.028869283953370586
28,I,H,D,0.06560780779909972
28,I,H,E,-0.044565481210349686
28,I,H,F,-0.012457091393996644
28,I,H,G,0.014923244176548722
28,I,H,H,0.009851039994702743
28,I,H,I,0.014460502174283019
28,I,M,A,0.018003977005849214
28,I,M,B,-0.00610757942679227
28,I,M,C,-0.015623487860845414
28,I,M,D,0.034887782187321165
28,I,M,E,-0.04597436226078869
28,I,M,F,-0.017547977681664634
28,I,M,G,-0.02026901259651072
28,I,M,H,0.019997549071801457
28,I,M,I,0.0326331115616299
28,I,L,A,0.0014497120561728638
28,I,L,B,-0.002376500622663827
28,I,L,C,-0.03136684980208217
28,I,L,D,0.042942118670999174
28,I,L,E,-0.043156711831519326
28,I,L,F,-0.010578816527673895
28,I,L,G,-0.00044713175798141713
28,I,L,H,0.01707312547348333
28,I,L,I,0.02646105434126525
29,C,H,A,-0.01654882151472238
29,C,H,B,-0.00016491959830904068
29,C,H,C,0.039906735132785615
29,C,H,D,0.01809481944388254
29,C,H,E,0.007491619732733171
29,C,H,F,-0.007066145188064643
29,C,H,G,-0.0022396295836639712
29,C,H,H,-0.031306363531669476
29,C,H,I,-0.0081672948929718
29,C,M,A,0.002985201679341548
29,C,M,B,-0.008870214648294891
29,C,M,C,0.04883199571342198
29,C,M,D,-0.01385102756592188
29,C,M,E,-0.005651693535580357
29,C,M,F,-0.012417831467708515
29,C,M,G,-0.00441926326785462
29,C,M,H,-0.0022277580718975676
29,C,M,I,-0.004379408835505694
29,C,L,A,-0.0037844096524764503
29,C,L,B,-0.00952349066236817
29,C,L,C,0.03296434167274104
29,C,L,D,0.0004252733629082489
29,C,L,E,0.0014162747218108424
29,C,L,F,-0.005545680005920983
29,C,L,G,0.010987437118800542
29,C,L,H,-0.02830883095789888
29,C,L,I,0.0013690844024037974
29,I,H,A,-0.013717531010850825
29,I,H,B,-0.014556829419733713
29,I,H,C,0.024519832956703957
29,I,H,D,0.011696856122824256
29,I,H,E,0.013889180242254676
29,I,H,F,-0.010629483842432022
29,I,H,G,0.008586728114057515
29,I,H,H,-0.02645461024161154
29,I,H,I,0.006665857078787682
29,I,M,A,-0.014820084626056843
29,I,M,B,-0.005710075344735374
29,I,M,C,0.03213893905670212
29,I,M,D,0.021200358640704034
29,I,M,E,-0.00023580983491344742
29,I,M,F,-0.023627191355237845
29,I,M,G,0.012940273254050436
29,I,M,H,-0.03762358488584684
29,I,M,I,0.01573717509533376
29,I,L,A,-0.0030927210935477595
29,I,L,B,-0.015886336498075262
29,I,L,C,0.02715237940162163
29,I,L,D,0.014341019731623203
29,I,L,E,0.024647828519418477
29,I,L,F,-0.013160504187646666
29,I,L,G,-0.004375527109062513
29,I,L,H,-0.038797314561988025
29,I,L,I,0.009171175797656916
30,C,H,A,0.006572019195558068
30,C,H,B,0.007861092749026133
30,C,H,C,0.030659298673113997
30,C,H,D,-0.0408813595529771
30,C,H,E,0.04199749160267435
30,C,H,F,-0.017921636992123763
30,C,H,G,-0.054680575338487344
30,C,H,H,0.034772105563679795
30,C,H,I,-0.008378435900464151
30,C,M,A,-0.0061596711132584775
30,C,M,B,0.008401203803373253
30,C,M,C,-0.0018575520712814653
30,C,M,D,0.002812950767996411
30,C,M,E,0.024894641312885546
30,C,M,F,-0.0027514120417920646
30,C,M,G,-0.03495589667809605
30,C,M,H,0.025693828830537113
30,C,M,I,-0.01607809281036425
30,C,L,A,-0.0040269912383188305
30,C,L,B,0.014950392113302013
30,C,L,C,0.009381798667362537
30,C,L,D,-0.00782703867803497
30,C,L,E,0.015399062691964352
30,C,L,F,-0.011466245505908676
30,C,L,G,-0.027574250034960543
30,C,L,H,0.015969202968769886
30,C,L,I,-0.004805930984175769
30,I,H,A,0.012271083335085864
30,I,H,B,0.014277316104395477
30,I,H,C,0.010403597568235154
30,I,H,D,-0.028615939256800074
30,I,H,E,0.04869440876093534
30,I,H,F,-0.04001026357386897
30,I,H,G,-0.055531414075785226
30,I,H,H,0.02385146589983647
30,I,H,I,0.014659745237965954
30,I,M,A,0.005819291859411532
30,I,M,B,0.022374619855526356
30,I,M,C,-0.0157986608132739
30,I,M,D,-0.02575031792877487
30,I,M,E,0.039851021778397805
30,I,M,F,-0.008085409478241046
30,I,M,G,-0.04914489656104826
30,I,M,H,0.04515662509657878
30,I,M,I,-0.0144222738085764
30,I,L,A,0.012768044238928675
30,I,L,B,0.007387568563135133
30,I,L,C,0.0011364322033138724
30,I,L,D,-0.02141715200377102
30,I,L,E,0.03401479039588029
30,I,L,F,0.005251250600270568
30,I,L,G,-0.062402254574846425
30,I,L,H,0.04436028413068949
30,I,L,I,-0.02109896355360056
31,C,H,A,0.007060507378324338
31,C,H,B,-0.01381942581307874
31,C,H,C,-0.03626985364597897
31,C,H,D,0.031190951601943795
31,C,H,E,-0.017598892781895845
31,C,H,F,0.034552261114418725
31,C,H,G,-0.010228611525372397
31,C,H,H,0.009383389186852178
31,C,H,I,-0.0042703255152131
31,C,M,A,-0.016559696248976075
31,C,M,B,-0.018260057484716
31,C,M,C,-0.024979249721239466
31,C,M,D,0.04643206455246726
31,C,M,E,-0.02792940998470704
31,C,M,F,0.0018077101921462335
31,C,M,G,0.009235622261590248
31,C,M,H,0.009286219306722812
31,C,M,I,0.020966797126711983
31,C,L,A,-0.02139583181343456
31,C,L,B,-0.021060086368501985
31,C,L,C,-0.03120795194271865
31,C,L,D,0.04058111812864326
31,C,L,E,0.002497729294200543
31,C,L,F,0.0059458104060399475
31,C,L,G,-0.016568248750189737
31,C,L,H,0.02611900682693577
31,C,L,I,0.01508845421902534
31,I,H,A,-0.03319923146575715
31,I,H,B,-0.005787551161861207
31,I,H,C,-0.023083775191804087
31,I,H,D,0.03245227406973933
31,I,H,E,-0.009212164332313547
31,I,H,F,0.030219015769742535
31,I,H,G,-0.0019744110901182693
31,I,H,H,0.008043666741056651
31,I,H,I,0.0025421766613157037
31,I,M,A,-0.02248620604605009
31,I,M,B,-0.011477669107440455
31,I,M,C,-0.02477885996365478
31,I,M,D,0.03611011554331511
31,I,M,E,-0.018715974844027303
31,I,M,F,0.019608720496268578
31,I,M,G,0.007635072034178972
31,I,M,H,0.018854163582370617
31,I,M,I,-0.00474936169496068
31,I,L,A,-0.018698812818254612
31,I,L,B,-0.00392097726267962
31,I,L,C,-0.027427461037814224
31,I,L,D,0.016101425109200096
31,I,L,E,-0.006534323644551587
31,I,L,F,0.019700612924907906
31,I,L,G,-0.00940674914958553
31,I,L,H,0.020568796931676903
31,I,L,I,0.009617488947100614
32,C,H,A,-0.023716417741943968
32,C,H,B,0.04229258874696783
32,C,H,C,-0.018412047040210336
32,C,H,D,-0.0015314090492924842
32,C,H,E,0.01244141944735512
32,C,H,F,-0.04004040155657061
32,C,H,G,-0.0016225246736113058
32,C,H,H,0.02589368806324205
32,C,H,I,0.004695103804063697
32,C,M,A,-0.030932941002090625
32,C,M,B,0.03016424808057798
32,C,M,C,-0.016509394443701766
32,C,M,D,0.01847367461908128
32,C,M,E,0.011786494700941078
32,C,M,F,-0.03196201141861306
32,C,M,G,0.005366561986245771
32,C,M,H,0.0051841690774095395
32,C,M,I,0.008429198400149746
32,C,L,A,-0.03473481420491423
32,C,L,B,0.012225139130524545
32,C,L,C,0.0025257778234904493
32,C,L,D,-0.0020346784619729302
32,C,L,E,0.03240410205821519
32,C,L,F,-0.030680169838902427
32,C,L,G,-0.0038675776628794983
32,C,L,H,0.02661410476581852
32,C,L,I,-0.0024518836093796598
32,I,H,A,-0.04021937605460729
32,I,H,B,0.033470928523702245
32,I,H,C,-0.013229514373114634
32,I,H,D,0.005190192316394199
32,I,H,E,0.04743073585114789
32,I,H,F,-0.06291958221712443
32,I,H,G,0.00935344012309837
32,I,H,H,0.013198675018919193
32,I,H,I,0.0077245008115844616
32,I,M,A,-0.03316803423497712
32,I,M,B,0.05175667637133678
32,I,M,C,-0.027449309423519405
32,I,M,D,0.007580474497442161
32,I,M,E,0.0441127468009609
32,I,M,F,-0.06096854324737555
32,I,M,G,0.005138853912594624
32,I,M,H,-0.00035521606050972765
32,I,M,I,0.013352351384047348
32,I,L,A,-0.04033256589097617
32,I,L,B,0.01543206914731432
32,I,L,C,0.005134496358575741
32,I,L,D,0.0024064992163656124
32,I,L,E,0.05329614608986534
32,I,L,F,-0.03358947616054307
32,I,L,G,-0.00014034116193012425
32,I,L,H,0.0030873883255506107
32,I,L,I,-0.005294215924222273
33,C,H,A,-0.029930263710050226
33,C,H,B,0.009312479763093795
33,C,H,C,-0.0379012314090796
33,C,H,D,0.02533675887233182
33,C,H,E,-0.024284566666473745
33,C,H,F,0.027378167098031966
33,C,H,G,0.0006164355813775557
33,C,H,H,0.010211356304487357
33,C,H,I,0.01926086416628109
33,C,M,A,-0.04066361442073975
33,C,M,B,0.021349665991358346
33,C,M,C,-0.032235564515259024
33,C,M,D,0.005469168413584399
33,C,M,E,-0.012925598283571427
33,C,M,F,0.012065932305969765
33,C,M,G,0.009599485760710888
33,C,M,H,0.054306931435026934
33,C,M,I,-0.016966406687080132
33,C,L,A,-0.005956134548922631
33,C,L,B,0.0018682023033313455
33,C,L,C,-0.023203234844955983
33,C,L,D,0.015741923157504542
33,C,L,E,-0.02128905135554819
33,C,L,F,0.013957086834178359
33,C,L,G,0.008061724497378867
33,C,L,H,0.014482736001194513
33,C,L,I,-0.0036632520441608196
33,I,H,A,-0.016669286898634048
33,I,H,B,0.0007603632440037894
33,I,H,C,-0.012329669656085257
33,I,H,D,-0.0024336257498946134
33,I,H,E,-0.01879864467002515
33,I,H,F,0.03337011439402811
33,I,H,G,-0.0010304297764542336
33,I,H,H,0.022026439989053542
33,I,H,I,-0.004895260875992152
33,I,M,A,-0.013408888891969187
33,I,M,B,0.0015751357413594236
33,I,M,C,-0.008263086835361241
33,I,M,D,-0.012406853815304236
33,I,M,E,-0.02478404599960389
33,I,M,F,0.03206929735878315
33,I,M,G,0.01190733379742441
33,I,M,H,0.02024818443590609
33,I,M,I,-0.006937075791234523
33,I,L,A,-0.019875296607468493
33,I,L,B,-0.017295057714362946
33,I,L,C,-0.012770977355776675
33,I,L,D,0.015307806886408856
33,I,L,E,-0.011854371267546793
33,I,L,F,0.029287447555101112
33,I,L,G,0.006850500907377516
33,I,L,H,0.01402108502841351
33,I,L,I,-0.0036711374321461154
34,C,H,A,-0.0019881809413100082
34,C,H,B,0.00011717693739445034
34,C,H,C,0.03205386228008342
34,C,H,D,-0.03172960358236708
34,C,H,E,0.045372782987995644
34,C,H,F,-0.047614703042736184
34,C,H,G,0.021547518282596753
34,C,H,H,-0.006346272480172624
34,C,H,I,-0.011412580441484368
34,C,M,A,0.0136155964654395
34,C,M,B,0.0030499419632402935
34,C,M,C,0.021736783995870257
34,C,M,D,-0.019008164121444432
34,C,M,E,0.0289922886472206
34,C,M,F,-0.0457877238129472
34,C,M,G,0.008920112772227234
34,C,M,H,-0.010427368418385624
34,C,M,I,-0.0010914674912206324
34,C,L,A,0.005236139784005639
34,C,L,B,0.00420203820598497
34,C,L,C,0.0743854334034984
34,C,L,D,-0.04073696559515291
34,C,L,E,0.03132385760353591
34,C,L,F,-0.03926065498381916
34,C,L,G,0.014701395646279716
34,C,L,H,-0.01913883445700064
34,C,L,I,-0.03071240960733193
34,I,H,A,-0.006189228642321229
34,I,H,B,0.007491434305211167
34,I,H,C,0.051580583973241056
34,I,H,D,-0.042591465451128074
34,I,H,E,0.06920700503142106
34,I,H,F,-0.07200314967182361
34,I,H,G,5.70170419674082e-05
34,I,H,H,-0.011008924823866242
34,I,H,I,0.0034567282372984787
34,I,M,A,-0.008991900810371808
34,I,M,B,0.0006508968591040498
34,I,M,C,0.036543868918313654
34,I,M,D,-0.03322441240189439
34,I,M,E,0.08252635906674564
34,I,M,F,-0.07560242160108659
34,I,M,G,-0.004458278165405408
34,I,M,H,-0.006713145030397938
34,I,M,I,0.009269033164992765
34,I,L,A,-0.04129963626842603
34,I,L,B,0.002501963909671695
34,I,L,C,0.0903039838415238
34,I,L,D,-0.03354708060775208
34,I,L,E,0.07105091200886125
34,I,L,F,-0.061890525409379935
34,I,L,G,0.03577796294771381
34,I,L,H,-0.023708057252315437
34,I,L,I,-0.039189523169897086
35,C,H,A,0.004424900610576446
35,C,H,B,0.01806562404863303
35,C,H,C,-0.01604383597925732
35,C,H,D,-0.011650759594821411
35,C,H,E,0.004642423496818149
35,C,H,F,0.0017075955124228603
35,C,H,G,-0.009789658780790675
35,C,H,H,0.00019714534684586726
35,C,H,I,0.008446565339573026
35,C,M,A,0.024748476418714055
35,C,M,B,0.02319685598097053
35,C,M,C,-0.022268688865828473
35,C,M,D,-0.009095199748399743
35,C,M,E,-0.02610405503940559
35,C,M,F,0.004188588011561717
35,C,M,G,-0.0031892722241214227
35,C,M,H,0.006880634758999818
35,C,M,I,0.0016426607075090832
35,C,L,A,0.004826108969378656
35,C,L,B,0.007251647541735795
35,C,L,C,-0.00220138503056036
35,C,L,D,-0.0029052880541469567
35,C,L,E,-0.01362255711401858
35,C,L,F,0.0005925540446373723
35,C,L,G,-0.000235747184625823
35,C,L,H,0.00012571473730067784
35,C,L,I,0.006168952090299232
35,I,H,A,0.013716599398104698
35,I,H,B,0.015011383736977357
35,I,H,C,-0.012454477907944628
35,I,H,D,-0.00883869691673636
35,I,H,E,-0.002865771463908262
35,I,H,F,-0.021185933350221786
35,I,H,G,-0.0007595171664480233
35,I,H,H,0.0016545275810161825
35,I,H,I,0.015721886089160822
35,I,M,A,0.031063538937007723
35,I,M,B,0.011943799300064756
35,I,M,C,-0.023354994578353896
35,I,M,D,-0.015725123537416924
35,I,M,E,-0.013831289992812995
35,I,M,F,-0.012298251171801569
35,I,M,G,-0.002116560609198098
35,I,M,H,0.014781098611580265
35,I,M,I,0.009537783040930725
35,I,L,A,-0.026315579477654685
35,I,L,B,-0.007041500411072904
35,I,L,C,-0.004006591961144279
35,I,L,D,0.0018699902711077354
35,I,L,E,0.010091905495007977
35,I,L,F,0.0014977186601560777
35,I,L,G,0.018542041491441022
35,I,L,H,0.00047745126461504195
35,I,L,I,0.004884564667543986
36,C,H,A,-0.0009661999653873404
36,C,H,B,-0.02914141171077629
36,C,H,C,-0.027260488219557885
36,C,H,D,0.00984307379230076
36,C,H,E,0.013368026712102798
36,C,H,F,-0.009326721566263838
36,C,H,G,-0.0314543275315647
36,C,H,H,0.04329868236500363
36,C,H,I,0.03163936612414289
36,C,M,A,-0.006398121961255429
36,C,M,B,-0.02086803159266927
36,C,M,C,-0.014994178741455422
36,C,M,D,0.01354463273947977
36,C,M,E,0.017802245607493314
36,C,M,F,-0.00618292333931246
36,C,M,G,-0.033640529391216145
36,C,M,H,0.04170807704008424
36,C,M,I,0.009028829638851418
36,C,L,A,-0.0057311715465769575
36,C,L,B,-0.025778283807579155
36,C,L,C,-0.011059648961103466
36,C,L,D,-0.0070279108618243324
36,C,L,E,0.02631629719402255
36,C,L,F,0.004161987340663281
36,C,L,G,-0.02750541258042974
36,C,L,H,0.024838616097142538
36,C,L,I,0.02178552712568531
36,I,H,A,-0.012833326535565237
36,I,H,B,-0.015165752450401929
36,I,H,C,-0.015223617022223343
36,I,H,D,0.00522527196656547
36,I,H,E,0.02354845798215123
36,I,H,F,0.0012835206254748627
36,I,H,G,-0.0312541788026174
36,I,H,H,0.03708408058216754
36,I,H,I,0.0073355436544488145
36,I,M,A,-0.005231086850415137
36,I,M,B,-0.0014654779911274646
36,I,M,C,-0.039462308320437095
36,I,M,D,0.0005294958246801207
36,I,M,E,0.01902617700129873
36,I,M,F,-0.019895943117206757
36,I,M,G,-0.01520158720388591
36,I,M,H,0.030340924782891313
36,I,M,I,0.03135980587420223
36,I,L,A,-0.0057958682509881565
36,I,L,B,-0.026947701643062094
36,I,L,C,-0.021593956804556225
36,I,L,D,0.024757110411243816
36,I,L,E,0.0012259682530016552
36,I,L,F,0.0005173157682244189
36,I,L,G,-0.025501612952423494
36,I,L,H,0.03360285263864328
36,I,L,I,0.01973589257991684
37,C,H,A,-0.030015232921841842
37,C,H,B,0.019863574483196256
37,C,H,C,-0.01788681105339765
37,C,H,D,0.025362424399582598
37,C,H,E,-0.00776375745268168
37,C,H,F,-0.009877309364528297
37,C,H,G,0.02967843117714969
37,C,H,H,0.01420921425510406
37,C,H,I,-0.023570533522583134
37,C,M,A,-0.02705520604041968
37,C,M,B,0.010111624049124357
37,C,M,C,-0.02283134626952779
37,C,M,D,0.002713844367688026
37,C,M,E,-0.00968443063922643
37,C,M,F,-0.0019383963237212254
37,C,M,G,0.02320982647784417
37,C,M,H,0.025892564564320736
37,C,M,I,-0.0004184801860821208
37,C,L,A,-0.028705600976840814
37,C,L,B,0.019359110916698535
37,C,L,C,-0.03495570266244315
37,C,L,D,0.03370859954366591
37,C,L,E,-0.010585525263028472
37,C,L,F,-0.006514404447764285
37,C,L,G,0.018138389419507545
37,C,L,H,0.011322640332824443
37,C,L,I,-0.0017675068626197138
37,I,H,A,-0.02606290870950266
37,I,H,B,0.03578159830235875
37,I,H,C,-0.04402693910620083
37,I,H,D,0.024208857076501347
37,I,H,E,-0.008808191014022845
37,I,H,F,-0.006488770392385185
37,I,H,G,0.007136491307127846
37,I,H,H,0.012806434840698266
37,I,H,I,0.005453427695425325
37,I,M,A,-0.02678064970978429
37,I,M,B,0.03334283385039544
37,I,M,C,-0.03184769449320517
37,I,M,D,-0.006837889315746359
37,I,M,E,0.02802590166913843
37,I,M,F,-0.021952680731533017
37,I,M,G,-0.005301103652606692
37,I,M,H,0.017274046876987637
37,I,M,I,0.014077235506354036
37,I,L,A,-0.03289047798698258
37,I,L,B,0.06439736537250218
37,I,L,C,-0.021897931302856347
37,I,L,D,0.007707476360243173
37,I,L,E,0.028437266955679025
37,I,L,F,-0.044411848377734695
37,I,L,G,-0.012269191177180477
37,I,L,H,0.012309755559727867
37,I,L,I,-0.0013824154033981462
38,C,H,A,0.0011944839015083641
38,C,H,B,0.014116911436038548
38,C,H,C,0.010918342446147922
38,C,H,D,-0.01961339545814189
38,C,H,E,0.04191625657958223
38,C,H,F,-0.041872146376762565
38,C,H,G,-0.002614651967841858
38,C,H,H,0.008725729244138433
38,C,H,I,-0.012771529804669224
38,C,M,A,-0.004709795438498962
38,C,M,B,0.006847596180583032
38,C,M,C,0.0607027138186525
38,C,M,D,-0.025266454400602864
38,C,M,E,0.04222100043320384
38,C,M,F,-0.04171501110968834
38,C,M,G,0.0019976812489514717
38,C,M,H,-0.02297133228148196
38,C,M,I,-0.017106398451118734
38,C,L,A,0.0035342120538229688
38,C,L,B,0.00021650256553222558
38,C,L,C,0.009556205227874814
38,C,L,D,-0.006305067109074636
38,C,L,E,0.034268245818244
38,C,L,F,-0.03634038457694437
38,C,L,G,0.005063355677856277
38,C,L,H,-0.01706626137313083
38,C,L,I,0.007073191715819507
38,I,H,A,-0.004629498891717765
38,I,H,B,0.009897010934003872
38,I,H,C,-0.0037415158570237306
38,I,H,D,-0.016855113476795067
38,I,H,E,0.053737659038455676
38,I,H,F,-0.04829405717627422
38,I,H,G,-0.007187431087926258
38,I,H,H,-0.003347517142569728
38,I,H,I,0.02042046365984719
38,I,M,A,-0.008771482169755387
38,I,M,B,-0.017488057766679263
38,I,M,C,0.03896681164441229
38,I,M,D,-0.014954191159906371
38,I,M,E,0.024586342858551796
38,I,M,F,-0.04596135238150288
38,I,M,G,0.030191960610661872
38,I,M,H,-0.030264821025661554
38,I,M,I,0.023694789389879442
38,I,L,A,-0.0032914936847691506
38,I,L,B,0.011341337216051947
38,I,L,C,0.006927837889420946
38,I,L,D,0.009290941933565652
38,I,L,E,0.011490193538252508
38,I,L,F,-0.04500261854352462
38,I,L,G,0.009360306798895351
38,I,L,H,-0.007572394117121892
38,I,L,I,0.007455888969229232
39,C,H,A,-0.0166738398434879
39,C,H,B,-0.01834726474628584
39,C,H,C,0.008277526017664114
39,C,H,D,0.014631537081572055
39,C,H,E,0.044185135941632855
39,C,H,F,-0.021132697591225144
39,C,H,G,-0.01811914668771386
39,C,H,H,-0.006208119683020624
39,C,H,I,0.013386869510864388
39,C,M,A,-0.008765288652955436
39,C,M,B,-0.010005658354757446
39,C,M,C,0.002650221380024062
39,C,M,D,-0.0019483609628345722
39,C,M,E,0.014778550587309591
39,C,M,F,0.004290262508997042
39,C,M,G,-0.01415797687728508
39,C,M,H,0.018841173955391588
39,C,M,I,-0.005682923583889707
39,C,L,A,-0.014202272549601408
39,C,L,B,-0.010144287341313424
39,C,L,C,0.0005537011102357131
39,C,L,D,0.01795797477521674
39,C,L,E,0.013447585877399498
39,C,L,F,-0.006735215916623766
39,C,L,G,-0.00907428724541054
39,C,L,H,0.002387578571343474
39,C,L,I,0.005809222718753754
39,I,H,A,-0.01929822189898909
39,I,H,B,-0.03137348100803978
39,I,H,C,-0.005949346546854847
39,I,H,D,-0.0009831675777025872
39,I,H,E,0.040179072109176026
39,I,H,F,-0.02916406040306531
39,I,H,G,-0.02527761248253657
39,I,H,H,0.027386092431021747
39,I,H,I,0.044480725376990465
39,I,M,A,-0.010225120017524632
39,I,M,B,-0.025168584245930235
39,I,M,C,-0.0021423219093743284
39,I,M,D,-0.01609621327054553
39,I,M,E,0.05866048073796247
39,I,M,F,-0.017021855507246844
39,I,M,G,-0.030425438436308877
39,I,M,H,0.008716044299185238
39,I,M,I,0.03370300834978279
39,I,L,A,-0.015326217756786255
39,I,L,B,-0.020874093092146946
39,I,L,C,-0.007464183196158977
39,I,L,D,-0.010234025722758305
39,I,L,E,0.024372934362660595
39,I,L,F,-0.0018719839808625516
39,I,L,G,-0.03407477354915196
39,I,L,H,0.04829168530917907
39,I,L,I,0.01718065762602536
40,C,H,A,-0.009945522478539318
40,C,H,B,-0.0021455718091534237
40,C,H,C,0.010569976976949058
40,C,H,D,-0.011075596179873165
40,C,H,E,-0.002166766423840491
40,C,H,F,0.022560165307070723
40,C,H,G,0.016205245062761997
40,C,H,H,0.005516043925548025
40,C,H,I,-0.02951797438092342
40,C,M,A,-0.00440560122265804
40,C,M,B,0.004252747122741457
40,C,M,C,-0.012578032765319672
40,C,M,D,0.004881544281004929
40,C,M,E,-0.005764329882164826
40,C,M,F,0.0021495229957582407
40,C,M,G,0.010149934753316298
40,C,M,H,0.006271013342892484
40,C,M,I,-0.004956798625570885
40,C,L,A,-0.0014074815965037651
40,C,L,B,0.010537290799013818
40,C,L,C,0.0019860327930120714
40,C,L,D,-0.02330217879109192
40,C,L,E,-0.004585133265613092
40,C,L,F,0.03912038953841934
40,C,L,G,-0.00794711908852222
40,C,L,H,0.016712365494626485
40,C,L,I,-0.031114165883340733
40,I,H,A,0.0017111858764549265
40,I,H,B,0.001642735926138783
40,I,H,C,0.013491233157505278
40,I,H,D,-0.031183187259902698
40,I,H,E,0.03194849204469501
40,I,H,F,-0.006736430210446009
40,I,H,G,-0.019973381269678236
40,I,H,H,0.02447075767572797
40,I,H,I,-0.015371405940495006
40,I,M,A,0.001267141514874795
40,I,M,B,-0.00032439770534677115
40,I,M,C,0.006331242369416901
40,I,M,D,-0.011913811171487931
40,I,M,E,0.007783835715690884
40,I,M,F,0.01135786263267885
40,I,M,G,-0.009490753571139793
40,I,M,H,0.005928006101002831
40,I,M,I,-0.010939125885689793
40,I,L,A,0.005105000873162721
40,I,L,B,-0.0062786239172714225
40,I,L,C,0.026428435827428293
40,I,L,D,-0.025704620592463326
40,I,L,E,0.0074013781033601955
40,I,L,F,0.00815987541611024
40,I,L,G,-0.0014716526295234234
40,I,L,H,0.0070981475642290515
40,I,L,I,-0.02073794064503233
41,C,H,A,-0.00872512418592461
41,C,H,B,-0.025589362967032438
41,C,H,C,0.05639048403635913
41,C,H,D,-0.007774092326487736
41,C,H,E,-0.0006200423605173255
41,C,H,F,0.009835146152557928
41,C,H,G,0.003810152297865091
41,C,H,H,-0.04154873596445394
41,C,H,I,0.01422157531763392
41,C,M,A,-0.01658836421592111
41,C,M,B,-0.01915130052791922
41,C,M,C,0.03563660713249098
41,C,M,D,0.00946957783852119
41,C,M,E,-0.024060967378274317
41,C,M,F,0.017638238133813378
41,C,M,G,0.021127540169880707
41,C,M,H,-0.028933086599900307
41,C,M,I,0.004861755447308699
41,C,L,A,-0.0044239888810086725
41,C,L,B,-0.026366185147470494
41,C,L,C,0.05282660820130733
41,C,L,D,-0.00327157725253778
41,C,L,E,-0.022525859483169305
41,C,L,F,0.028076118945003253
41,C,L,G,0.008561689559920468
41,C,L,H,-0.03406464128854721
41,C,L,I,0.00118783534650245
41,I,H,A,0.02224557307666783
41,I,H,B,-0.023076949813408812
41,I,H,C,0.05269167650557918
41,I,H,D,-0.007657342081895377
41,I,H,E,0.016354951692449035
41,I,H,F,-0.022598786047461183
41,I,H,G,-0.016980494051774056
41,I,H,H,-0.03660952951696371
41,I,H,I,0.01563090023680712
41,I,M,A,-0.0014086528217527594
41,I,M,B,-0.02588381539500348
41,I,M,C,0.05975117106350761
41,I,M,D,0.004285276495086171
41,I,M,E,0.022181804050186535
41,I,M,F,-0.008644156024036162
41,I,M,G,-0.007319788874692965
41,I,M,H,-0.033274635173114284
41,I,M,I,-0.009687203320180651
41,I,L,A,-0.020156755193021944
41,I,L,B,-0.028083431429609507
41,I,L,C,0.09892708884794851
41,I,L,D,-0.025866928174238357
41,I,L,E,0.02498790745105199
41,I,L,F,-0.020352275670388928
41,I,L,G,0.010897684991889547
41,I,L,H,-0.045948368299047165
41,I,L,I,0.005595077475415877
42,C,H,A,-0.04309026214132224
42,C,H,B,-0.002328095600890409
42,C,H,C,-0.022460039844976395
42,C,H,D,0.057557209731165
42,C,H,E,-0.021866920781578175
42,C,H,F,-0.02015637698655584
42,C,H,G,0.04151479693650943
42,C,H,H,-0.001517887873294238
42,C,H,I,0.01234757656094286
42,C,M,A,-0.027648085177840828
42,C,M,B,0.02144040935955613
42,C,M,C,-0.05748363621588308
42,C,M,D,0.05925823453671773
42,C,M,E,-0.011771167284051226
42,C,M,F,-0.02055009323391299
42,C,M,G,0.02744311837290027
42,C,M,H,-0.0018308688740832496
42,C,M,I,0.011142088516597218
42,C,L,A,-0.026641537173561686
42,C,L,B,0.008283193586352003
42,C,L,C,-0.04257483377284496
42,C,L,D,0.08102585901404637
42,C,L,E,-0.027313879069666244
42,C,L,F,-0.024460979415683162
42,C,L,G,0.024068752084071596
42,C,L,H,-0.006215013571655589
42,C,L,I,0.01382843831894165
42,I,H,A,-0.027918663735620936
42,I,H,B,0.01173846542311588
42,I,H,C,-0.01316826928633845
42,I,H,D,0.03217435485704838
42,I,H,E,-0.008306246212016477
42,I,H,F,-0.025906955846477453
42,I,H,G,0.013483197328717708
42,I,H,H,0.007886541584478587
42,I,H,I,0.01001757588709272
42,I,M,A,-0.016583768759150713
42,I,M,B,0.0035758775483161476
42,I,M,C,-0.02959958549874983
42,I,M,D,0.0566152924522066
42,I,M,E,-0.025549747665609662
42,I,M,F,-0.010215352623758014
42,I,M,G,-0.002321262440688837
42,I,M,H,0.011241269376112126
42,I,M,I,0.012837277611322154
42,I,L,A,-0.02225942040453731
42,I,L,B,0.008628597991375664
42,I,L,C,-0.03951515426537136
42,I,L,D,0.009200223069305583
42,I,L,E,0.011814420721741437
42,I,L,F,-0.017175734065648554
42,I,L,G,-0.00029674615747901645
42,I,L,H,0.00836417118744194
42,I,L,I,0.04123964192317159
43,C,H,A,-0.1741599239540499
43,C,H,B,-0.0014266599980053835
43,C,H,C,0.0008468375600979572
43,C,H,D,0.04753480314970179
43,C,H,E,0.02772635715405765
43,C,H,F,0.001798348404222036
43,C,H,G,0.03715845557251614
43,C,H,H,0.04092191672897878
43,C,H,I,0.019599865382480958
43,C,M,A,-0.1478244511903673
43,C,M,B,0.026208361842369354
43,C,M,C,0.0031044541904183265
43,C,M,D,0.03170129351293802
43,C,M,E,0.009554670748426211
43,C,M,F,0.025514078156862033
43,C,M,G,0.033931732591831784
43,C,M,H,-0.0029633677876414605
43,C,M,I,0.02077322793516309
43,C,L,A,-0.15478415358074937
43,C,L,B,0.015944693076119204
43,C,L,C,0.004773947620687072
43,C,L,D,0.05221138894820332
43,C,L,E,-0.004508856513614268
43,C,L,F,0.019305013077590846
43,C,L,G,0.04049208244463702
43,C,L,H,0.02076572508586108
43,C,L,I,0.005800159841265112
43,I,H,A,-0.16417833147090277
43,I,H,B,0.0073451148505257885
43,I,H,C,0.004196217259635565
43,I,H,D,0.06320071139966904
43,I,H,E,0.019080809375080915
43,I,H,F,0.0029710143150502577
43,I,H,G,0.02760568106355664
43,I,H,H,0.018220523150530007
43,I,H,I,0.021558260056854572
43,I,M,A,-0.14874240873483088
43,I,M,B,0.0004765979890791472
43,I,M,C,-0.0005000567325304378
43,I,M,D,0.07959441398243208
43,I,M,E,-0.010067027011210303
43,I,M,F,0.01940649879030247
43,I,M,G,0.02589693972731756
43,I,M,H,0.029397655251885077
43,I,M,I,0.004537386737555327
43,I,L,A,-0.14977293404752154
43,I,L,B,0.03817423151615197
43,I,L,C,0.013293358614649864
43,I,L,D,0.03217451969470636
43,I,L,E,0.0073330626104029795
43,I,L,F,0.0018508504271517179
43,I,L,G,0.0326022034155177
43,I,L,H,0.024757116981443283
43,I,L,I,-0.00041240921250232376
44,C,H,A,-0.015419569032725872
44,C,H,B,0.021818833818427835
44,C,H,C,0.004716239502116248
44,C,H,D,0.0008742577806712115
44,C,H,E,-0.013096306394163981
44,C,H,F,-0.028450660125806715
44,C,H,G,0.0806827389717626
44,C,H,H,-0.006530963335863019
44,C,H,I,-0.04459457118441833
44,C,M,A,-0.007565351434215856
44,C,M,B,0.018629810725426355
44,C,M,C,0.0019925456849737844
44,C,M,D,0.0008059436886029003
44,C,M,E,-0.023827005276354493
44,C,M,F,-0.03965288106274062
44,C,M,G,0.06931886070270109
44,C,M,H,-0.007203686196235334
44,C,M,I,-0.012498236832157839
44,C,L,A,-0.009678525070639515
44,C,L,B,0.013528563393223475
44,C,L,C,0.007846377194465515
44,C,L,D,-0.00970194860646137
44,C,L,E,-0.010393310945437079
44,C,L,F,-0.03157995897723016
44,C,L,G,0.06513030600309656
44,C,L,H,-0.0057161043721322136
44,C,L,I,-0.01943539861888524
44,I,H,A,-0.018656632589388857
44,I,H,B,0.021632838110690916
44,I,H,C,0.032077145903701004
44,I,H,D,-0.0213279833019695
44,I,H,E,0.006117445385898784
44,I,H,F,-0.03603331025430506
44,I,H,G,0.046605869750288284
44,I,H,H,-0.011684585803051414
44,I,H,I,-0.01873078720186419
44,I,M,A,-0.03200459227078622
44,I,M,B,0.032072598272870304
44,I,M,C,0.024450935561581483
44,I,M,D,0.0010531296387276678
44,I,M,E,-0.011504565160263061
44,I,M,F,-0.05103416681430438
44,I,M,G,0.061753075424952245
44,I,M,H,-0.014553714089785397
44,I,M,I,-0.010232700562992664
44,I,L,A,-0.011775707775333932
44,I,L,B,0.019038908992639658
44,I,L,C,0.04307216235553901
44,I,L,D,-0.02703802573459199
44,I,L,E,0.009877062004193082
44,I,L,F,-0.04083124114671731
44,I,L,G,0.046077271957835744
44,I,L,H,0.004983403110660048
44,I,L,I,-0.04340383376422434
