,subj,K,GEV,silhouette,calinski-harabasz,dunn,davies_bouldin
0,1,2,0.6953189684067186,0.6298118621548466,2564.6555548418055,2.580696430798436e-10,20.35929750821795
1,1,3,0.7373801515862891,0.4023471675486935,4920.509312082921,3.6579968519414986e-09,1.467927932935177e+16
2,1,4,0.7687319093479058,0.49389766907780214,1930.945541151206,3.2945327833584866e-08,9918193716772848.0
3,1,5,0.7877814874747957,0.4111392904382817,4703.043614445364,2.3032703842969293e-08,1473376142513923.5
4,1,6,0.8031291780740103,0.3157688244518149,3591.976627769898,8.979091716537491e-08,3.4715237644237327
5,1,7,0.8145350851896636,0.2896003388823888,3091.0478815696433,2.5722176127313213e-07,299516615346420.56
6,1,8,0.823563304435227,0.2526808701076061,3364.210259240955,1.915218855971244e-07,927864063090732.8
7,1,9,0.8312277408132588,0.24999869414481818,3079.4230633984066,3.414844753828738e-07,3.338314568521951
8,1,10,0.8375854442748387,0.2550930816094019,2574.974362285062,3.0835897613765676e-07,2.915831774141831
9,2,2,0.6256677265124153,0.604484357735481,7089.766512876527,9.953758588504543e-11,15.848899137588742
10,2,3,0.6866539748206943,0.5525569142915164,2784.41916031214,7.885249712422863e-10,10.593466545071678
11,2,4,0.7284384425622275,0.5639408138461748,4992.934201964231,4.230011002753661e-09,5095711609644511.0
12,2,5,0.7571998132856886,0.4886490129471036,4397.014867503049,3.321203500429686e-08,4044336239954869.5
13,2,6,0.7767601969886906,0.4636541697785332,3806.346601933239,2.1813160340742475e-07,1168357103166000.2
14,2,7,0.7934707355007088,0.3797862218033075,3421.355424055646,1.1319723685556041e-07,931883603980983.9
15,2,8,0.8052575852060422,0.3550382881176705,3265.5377638017912,1.6954704788344598e-07,904062626726843.6
16,2,9,0.8144807832965326,0.34357054043747165,2812.229894711033,7.583786892288039e-07,1039445125544218.2
17,2,10,0.8220222222235617,0.3035215303646374,2491.457069373445,1.303506765460775e-06,2196226518952266.5
18,3,2,0.6660982449827918,0.6838364920162846,3704.7599816600555,2.412701144337765e-09,4.089413347069581
19,3,3,0.7244806755862105,0.44864565349211044,6500.224534160308,6.352187155104563e-10,1.2845088171150706e+16
20,3,4,0.7566897580464087,0.5338702133045523,4559.554880352011,1.2974859527301976e-08,5962097614149832.0
21,3,5,0.7800663608012365,0.4740739377236697,3847.725074671088,1.528457250772036e-08,3.0826289276764305
22,3,6,0.7979990899886217,0.3965800829813479,3456.7555891010147,5.8837763322435096e-08,1295746988532089.2
23,3,7,0.8112889650691798,0.39297236138220976,2048.757577088648,6.826910305688482e-08,1.8973077458473944
24,3,8,0.8226410395091387,0.3571612265956464,2868.6933984418656,1.756826197158755e-07,846027712314223.2
25,3,9,0.8314384523898514,0.3179943439114794,2542.6256809852957,1.2329394067975295e-06,1166531395422806.0
26,3,10,0.8394326396843891,0.3173819596648758,2494.0420091824476,5.646321493802709e-08,967210066387707.2
27,4,2,0.630409218327933,0.5723926727126348,2422.8125878375204,7.257916641883668e-10,3.3816057006506612e+16
28,4,3,0.6824128353838842,0.6472158883160002,2160.039647596101,2.436086888554181e-09,2.0250715352003748e+16
29,4,4,0.7170233428264002,0.5265438495101442,4607.858579511777,1.8292017815328247e-09,7.517826034412614
30,4,5,0.7407286400699051,0.43407820503664507,1845.8175039442049,3.413827157681733e-08,779656614952335.2
31,4,6,0.7579839200857054,0.35257995522919344,2766.2764648118623,3.413827157681733e-08,5926650797519533.0
32,4,7,0.77103167108726,0.3104658647631456,3323.3236966521717,3.8398283688336446e-08,456052632201323.2
33,4,8,0.7819900605534652,0.2853750173324973,2743.87964136206,4.292788889601164e-08,809215350784044.8
34,4,9,0.7911006956270085,0.2737752709408737,2590.109559488569,4.588589154634564e-08,1653617974799053.0
35,4,10,0.7971740820561705,0.24322838730766058,2550.5219447972213,2.9075120420958202e-08,1081266150541148.4
36,5,2,0.6570029218360951,0.5695409373684536,7990.361518953352,8.232424146550798e-10,16.232602490761277
37,5,3,0.7067895399953258,0.6129134495797213,6303.699641073307,6.154055194693208e-10,1.4535052157113866e+16
38,5,4,0.743962545221779,0.5546999541713181,4579.923269000447,3.712035977880357e-10,9.26483145821847
39,5,5,0.7687195028664464,0.43434000202532763,3882.7075697271644,1.4825382660413126e-08,2406376896569989.0
40,5,6,0.787725508828146,0.34710726443525436,2530.3256972168006,1.595550108377201e-08,3.4125873179863464
41,5,7,0.8021947482606382,0.3437677303538683,3060.8808367043903,1.4825382660413126e-08,1522898718886560.5
42,5,8,0.8126603064317579,0.3209521267304527,3057.286833894765,1.653723662327445e-07,588967679708858.2
43,5,9,0.8212494599830077,0.31625580997604946,2976.73834513168,2.382008825523282e-07,540516031764844.0
44,5,10,0.8280123033486063,0.27645247021323494,2733.7532443609966,4.390944429280252e-08,1175694038358343.5
45,6,2,0.669682270262053,0.5704930199829513,9249.4761948971,1.5400527790750368e-10,5.065512490806852e+16
46,6,3,0.7189724112881484,0.7100268245097497,6064.517868139054,1.0836457292571716e-09,1.6696960085483902e+16
47,6,4,0.7526576252311136,0.5325261403948888,5121.538911006332,3.692963018077327e-11,1848966299982753.8
48,6,5,0.7775797866270203,0.4171690488227605,4300.548314066557,9.428095240561375e-08,5889949662194700.0
49,6,6,0.7944102402216741,0.3632550447486605,4119.175199268955,1.5556207406646636e-07,914224974881151.1
50,6,7,0.8074888914212884,0.30745084309055176,3780.271996155702,1.518614417946821e-07,1959345125565162.8
51,6,8,0.817622178715032,0.29102367805618345,3411.433600796125,3.6625759693295524e-07,581993821095392.6
52,6,9,0.827159502575199,0.2936607178274493,3004.1870949320964,2.8555918078656095e-07,877652779559711.6
53,6,10,0.8331220407048011,0.2686665373878378,2990.7053798522197,2.4352382428652467e-07,476109705694652.0
54,7,2,0.6762934953776887,0.6195361985256794,9398.396188728386,1.958041940741436e-09,14.466378044687469
55,7,3,0.7233218271673452,0.38882020517916677,5642.4692311225235,1.4934486538136426e-09,7941736805837996.0
56,7,4,0.7565794648144128,0.529581657995201,5943.132909271214,1.2991730487812618e-09,1.346624883931831e+16
57,7,5,0.77871373471965,0.4160745341573479,4335.158704055637,5.3783331084383496e-09,3.6959257722045806
58,7,6,0.797269122588479,0.30529779075923635,3379.9777079640053,6.901969129627354e-08,4697007018716474.0
59,7,7,0.8084824479018022,0.3100945791952648,2039.2095669299874,8.480086000623017e-08,2863558778176352.5
60,7,8,0.8184974616258076,0.2970921610378411,3457.322803139634,7.65946256945251e-09,1127723840741466.2
61,7,9,0.8263765820130365,0.2698225228062888,3395.879957503764,3.514065617742849e-07,2707226528509996.0
62,7,10,0.8332879081372684,0.24982520800924113,3071.59889460065,6.389005753808444e-07,2.9346269068731585
63,8,2,0.6189743970304956,0.5768520654962258,2871.254428522789,5.939674393796159e-10,14.69828487637306
64,8,3,0.674791406093679,0.6703995202754776,5098.162830317026,6.500493920602975e-10,1.2370728136227942e+16
65,8,4,0.7157174877452656,0.5692935242408408,5114.701410149225,1.2956341949481423e-08,5.24713783549695
66,8,5,0.7434042345482568,0.4629262842342364,4472.126688601177,3.515273151468975e-08,2.486484761516855
67,8,6,0.763016508372249,0.4463448620397035,3359.250590473298,8.29285175832312e-08,3089505601513400.0
68,8,7,0.7776486255326205,0.35465023534687873,2720.550663533231,2.5121498507766145e-07,619496936510937.9
69,8,8,0.7891637759997988,0.31418763449916876,3143.955841715348,1.59958679803293e-07,1050989746985224.8
70,8,9,0.7997454245742398,0.30680066337477896,2809.722842585912,4.123936738077755e-07,288604834188638.75
71,8,10,0.8065840122448086,0.26790148679034903,2810.513407744513,1.7228036948519018e-07,1027216224291945.4
72,9,2,0.6002475527848086,0.5249826249521464,2625.792121140668,1.1733304066698175e-10,24.09007594287312
73,9,3,0.6674301967418055,0.7096224685667021,4687.435337876202,2.640313723338938e-09,6962892219608033.0
74,9,4,0.7081790334753979,0.5938704140280525,3766.869315639853,1.435017917136094e-09,1.2737407593567696e+16
75,9,5,0.7427991418950244,0.45908191023734196,3508.4528339383455,3.5389647093211964e-08,2.461984043785207
76,9,6,0.7622036948503496,0.44187525194477556,3999.4512726570492,7.817799765948948e-08,3711880660838162.5
77,9,7,0.7775488902616994,0.3588546900473627,3222.464155467216,9.366235207897971e-08,1667743293634237.8
78,9,8,0.7902354105902645,0.32790568363370703,3198.338441729234,8.586895474281426e-08,2.6981220885145043
79,9,9,0.8012755066188214,0.32088179629133046,2844.3950514644976,2.89436595447631e-07,1247894518308424.0
80,9,10,0.8084379672398386,0.2842285859477749,2565.8738498901184,5.457269200766147e-08,462730071963615.7
81,10,2,0.6697407208366648,0.4832101959125893,1972.6512844331105,4.016546992374577e-10,34.31369029390753
82,10,3,0.714797928142917,0.6038218196230972,5234.297502357392,8.894332555209649e-10,14.958845398112885
83,10,4,0.7392018592690642,0.45007651571914986,4347.938165858907,1.5029047158906798e-09,7274444988445201.0
84,10,5,0.7595423088942873,0.35085623212374756,2839.8886885437596,1.5029047158906798e-09,11.491747285343974
85,10,6,0.7733421913823497,0.3388821685655269,3291.3812728337903,2.205408685480952e-08,4093404916925476.0
86,10,7,0.7849448885840811,0.3178287290920885,3006.5981080200618,1.919629490557128e-08,5842721197439298.0
87,10,8,0.7951167545287636,0.20790104575251575,2265.103091849104,1.919629490557128e-08,5956868504664213.0
88,10,9,0.8038881443779867,0.22481326400494536,2467.148581835025,2.799467162062197e-08,3855625391444274.0
89,10,10,0.8111525594295469,0.219033167762355,2379.681368133802,1.2617601944078318e-07,3663886248310965.5
90,11,2,0.6875158670116841,0.6999459316494479,8733.879691528613,1.866244875667505e-09,2.2250979323408396e+16
91,11,3,0.7395561108175208,0.4422087223879889,2621.5316435854115,2.4484399447679476e-09,13.174756151693417
92,11,4,0.7672664265534614,0.5082897267575393,2203.6747750317477,2.6475260112597382e-09,1726846890735749.0
93,11,5,0.7873171992155525,0.34688564705975805,3707.827806926015,1.683669363976447e-09,3463697428908719.0
94,11,6,0.8020391884567764,0.29667078017486503,3573.56055701985,3.6972913350444477e-09,414231566899376.0
95,11,7,0.8132767206054158,0.3107124798567255,3718.316958027471,1.683669363976447e-09,633336153516384.0
96,11,8,0.822889810849512,0.30606913351215387,3256.205391575533,1.0369638596256379e-07,215650447614699.88
97,11,9,0.8316811757119217,0.2611773649259634,2995.655424221125,2.1054622768027204e-09,6263997723132018.0
98,11,10,0.8382415899418121,0.2600918637236641,1885.9860128729533,1.3554797761443414e-07,465661634680047.2
99,12,2,0.739776355980986,0.6322150829056593,2232.9357080491404,7.101081352406973e-11,32.10107199866935
100,12,3,0.7784588452326315,0.36703075098641685,2123.292968953491,5.58482356279496e-10,26.216084875687894
101,12,4,0.8009200557347697,0.4044656495787816,4817.70043097194,7.8727712368769e-09,3503556728724265.0
102,12,5,0.8190426619875437,0.33248064130891136,1888.0132579321878,8.051553559185415e-09,1934851380577896.8
103,12,6,0.83285221863347,0.25511851792570667,3785.37678894481,7.430556622164432e-08,3.3299359761297644
104,12,7,0.842035548704512,0.21826518759005353,2841.0627096334724,8.964795328536663e-08,1815013559942635.5
105,12,8,0.8506245859791801,0.2331129047244079,3368.2264116018086,1.2139839175842647e-07,1678326312015454.0
106,12,9,0.857348954462669,0.20982842174481703,2919.5715427399628,8.45959352588899e-08,714328726211439.0
107,12,10,0.8627551420262755,0.20779914362055343,2769.689074295776,1.2095065271134435e-07,212991795278177.0
108,13,2,0.6666686620189078,0.5637876961870049,9263.655100977516,1.7512037656166962e-10,3.721732571501364e+16
109,13,3,0.7135977675543161,0.6637948856163423,2197.4293367818705,1.6600612411288268e-09,1.3249411956285522e+16
110,13,4,0.7463979729954694,0.5263799766102738,1929.683568402628,1.0924855598874365e-10,26.812606205041234
111,13,5,0.7687899575179301,0.36776097279207837,4291.286948024768,8.76071060243072e-11,26.80584458990404
112,13,6,0.7857033353094098,0.25968084648010137,1724.0971524071476,1.4306135797775516e-08,3759930074918236.0
113,13,7,0.7979458278143202,0.28244524715735736,3033.452769185501,1.9127183219265528e-08,3307279841087315.5
114,13,8,0.8081305099095824,0.2652976474142041,2993.062710289953,1.500989843293044e-10,2149142763947646.0
115,13,9,0.817068905487987,0.2715361267060231,3218.863493893927,1.435183989430911e-10,860422277070169.0
116,13,10,0.824034302780447,0.2592623373975141,2716.3261061231797,1.435183989430911e-10,2187835751902758.5
117,14,2,0.6712899798882513,0.5870115856432118,8225.557192522476,2.401732021032023e-10,22.715510939141048
118,14,3,0.7171420533517434,0.6546095114847671,6061.318327498669,5.543554770316297e-10,11.717299384798102
119,14,4,0.750316260080991,0.5260729411428084,4310.1668285781225,2.171950022123925e-08,3604759901914449.0
120,14,5,0.7726042132221261,0.4266397381990644,3772.274427984523,2.5562834463505348e-08,800219253367161.2
121,14,6,0.789265532758107,0.3519376667930217,3788.896132504014,3.120722212296658e-08,3.1871819298280637
122,14,7,0.8016197071413116,0.3088495217193871,2527.227725537816,1.0316496887946706e-07,886983073076604.0
123,14,8,0.8117806120794278,0.28166960841850713,3021.103687496653,2.985086963605237e-07,279240326711554.34
124,14,9,0.8203292398241162,0.2821378439820694,2147.8322079190393,4.1365876291630236e-08,1602837553796942.5
125,14,10,0.826242677019278,0.24312606647790438,2530.3124003146118,4.239601253632984e-07,1344616858445038.2
126,15,2,0.6245707950439565,0.5704066830512482,7466.307798342139,4.287083799284452e-12,145.61984151767518
127,15,3,0.6828188416953564,0.6372214431284621,2649.786582582923,7.25609860605018e-10,2.4527302110693108e+16
128,15,4,0.724874756471591,0.5792525006086983,5409.934576443678,1.9582956073817974e-09,6.124627845992176
129,15,5,0.7543100206670232,0.4755912308475326,4418.175576447258,2.9389598638522646e-08,5640213017646076.0
130,15,6,0.7735997268984148,0.4108141740351164,2331.977530782663,2.040649321417913e-08,1504282133560745.8
131,15,7,0.7895651113276475,0.363051819624724,1909.881692295514,3.058165186099508e-08,1191838954243135.2
132,15,8,0.8007837959960864,0.33035075212122494,2612.3157675750135,8.772880417144668e-08,2348627943576422.0
133,15,9,0.8107537636178298,0.32121154901591514,2923.9951536106933,1.284306625960252e-07,1437683825123220.8
134,15,10,0.8181993193020201,0.28334288586358664,2658.1941157956276,1.1022851326734041e-07,887356368455440.0
135,16,2,0.5982669841010916,0.5642794873872533,6498.764566736956,2.6065793210569133e-09,8.631531936388253
136,16,3,0.6660654631597612,0.6855557675195598,3533.385084370063,2.9072513957190702e-11,40.076095608614395
137,16,4,0.7145361717934643,0.6239257619118118,3133.510326362095,2.6214257599118376e-08,1.2133007280526364e+16
138,16,5,0.7451515522094893,0.5189940532051209,3388.8594164981055,1.3299284619566966e-08,2603928523077644.0
139,16,6,0.767062525440333,0.4846710909900481,2610.0907600219193,1.376953004787663e-07,1986596318445252.2
140,16,7,0.7834919984419811,0.39519059807903684,3549.311731630779,1.0247235125658836e-07,709919976053986.2
141,16,8,0.7956101961482694,0.3741857856138499,2727.765632774348,1.952586067389134e-07,1009487275137918.2
142,16,9,0.8066876186559773,0.35576654119206247,2912.290606839541,3.6682633614652334e-08,960228084036866.5
143,16,10,0.8144497662137119,0.33005431980608235,2753.344074140009,2.9135911419995944e-07,1861702810862743.5
144,17,2,0.5444483965764217,0.5105444387622888,4521.46403631758,2.272854743310627e-09,4.591915425432383
145,17,3,0.6244109831740539,0.7234524565706408,3750.8671085094593,2.445843118113878e-09,3.0798708190273692e+16
146,17,4,0.6731956562943203,0.6276019744257958,3090.4506245800135,3.0301013765305064e-09,7345429096310924.0
147,17,5,0.7074620245599951,0.5392782365628812,3367.338317503007,7.45395800342539e-08,2618178823430634.5
148,17,6,0.7311408396518608,0.5044565940325075,2594.925665502587,8.091307810619093e-08,1.797775532753767
149,17,7,0.7482544387548287,0.4063460279144654,2575.6194565942496,4.955643761433494e-08,2.2132135096898415
150,17,8,0.7610409226707602,0.36353807223113915,2271.519085276514,7.45395800342539e-08,592277965967385.2
151,17,9,0.7721816953833137,0.3439515206864969,2237.5463832244386,1.007265093145733e-06,1149282622650909.5
152,17,10,0.7804474608756515,0.32971029810323843,1536.8096467080027,9.491408841221741e-07,819413706172391.9
153,18,2,0.6596644673739648,0.5264901320545274,2008.8822220875297,2.1369708688461678e-10,5.0487763487910936e+16
154,18,3,0.7107489571729324,0.6816431903435235,5780.362019150958,2.7618653519771824e-09,2.1121434125254988e+16
155,18,4,0.7425866754494973,0.37233340051323843,5478.4935540912165,5.343065333474167e-09,8.63542734559391
156,18,5,0.7688865940904063,0.37840815142437556,3234.6167760099584,1.674500225400673e-08,1664964279797216.8
157,18,6,0.7849238103870736,0.3260238078760853,3799.1233659480718,1.894986274493795e-08,3.7463222901419506
158,18,7,0.7984303730448482,0.30556953461149555,3263.8460263835345,3.013397255281406e-08,3605582298906160.0
159,18,8,0.8083419791396452,0.27753958844462323,2718.3453733091455,4.1984222371492986e-08,1822923820725342.2
160,18,9,0.8169172608952404,0.27270757952007374,2181.4854182785984,1.3285198375480842e-07,741364007386311.0
161,18,10,0.8230325055437275,0.23463345042369668,2146.1077423911493,3.444279144605921e-08,3222149175192534.0
162,19,2,0.683234632379577,0.5194642422976894,9728.754623443747,3.086501933577123e-10,3.912307006647529e+16
163,19,3,0.7323855066491982,0.6973307262694093,1945.7317124315073,6.538329531370576e-09,7837568897324592.0
164,19,4,0.759332957061916,0.5614701112394355,4961.935536493429,9.018351964401002e-09,2742047761299407.5
165,19,5,0.784538165779616,0.3737053564662754,4887.771521406939,6.428589883615367e-10,11.268291055176308
166,19,6,0.7984640689758024,0.25223398233576166,3492.785157385138,7.893758669398674e-10,8985218875989264.0
167,19,7,0.8113650023534021,0.29096968715085303,2655.7995408677007,5.0378060376689636e-08,2028392106348512.5
168,19,8,0.8214285656481215,0.2671734366102422,3066.582378092467,1.46144599616315e-08,1144382516729467.8
169,19,9,0.829188157091258,0.2774940006655893,2621.2744851118964,8.203520214987599e-08,2644330616668881.5
170,19,10,0.8351633528830835,0.23856231117742277,2651.280380380318,7.272670362041908e-08,727586761437148.8
171,20,2,0.6297321133381414,0.6166850721271541,6734.86659469914,3.01714218334155e-11,27.018767000121414
172,20,3,0.6842893256229549,0.48668423436614094,4494.741659907774,1.3307175162280759e-09,1.1759335811387928e+16
173,20,4,0.7245465849310186,0.5739386963921547,2344.829314318727,6.079466550970983e-09,4.070876819585927
174,20,5,0.7489491367511136,0.482996527727791,2838.270483460605,2.4375156115223773e-08,2.6434403527225903
175,20,6,0.768522859065906,0.344075341688041,3365.174030107449,2.359774350780633e-08,2921026493568345.5
176,20,7,0.784001695200566,0.35850450665539313,1995.8328244044835,8.875635117681172e-08,2.402544645149979
177,20,8,0.7950588988282733,0.3243886527196619,2097.0749908403172,2.54902819683331e-09,444726525511687.3
178,20,9,0.8041469423527379,0.31630155424103207,2522.630010038755,2.599594911450431e-09,873899836356765.5
179,20,10,0.8114338475560875,0.2763044739847895,2224.6375345669207,2.5580506141536034e-09,1374035153698901.2
180,21,2,0.6932712012859875,0.6668110023331087,3083.3932482616174,2.9159758334822237e-10,15.671154437415096
181,21,3,0.7407716665264188,0.41834060038773,5886.558095020597,4.3757333717821735e-09,1.9552770719712332e+16
182,21,4,0.7663522374768889,0.48224450676620856,5323.899837933123,1.1263959597487546e-08,5028218805785467.0
183,21,5,0.7869154686944209,0.3952583604259052,1961.6801325327185,2.5789247081576853e-08,2696545179866338.5
184,21,6,0.8002935574693183,0.29954864579464346,3155.9794950744194,2.4537581621739842e-08,2670889250420457.0
185,21,7,0.8113166438470368,0.2523736686223974,3454.581047184786,5.3701968680229856e-08,3930557555088008.5
186,21,8,0.82016369173923,0.2731185828323081,3235.045092016368,6.8642662299034e-08,2040834882037574.0
187,21,9,0.8271027190107328,0.19925395566644968,2085.203989616237,5.999684255647051e-08,859730728514435.6
188,21,10,0.8333673619776184,0.21977649396206667,2086.711761427265,6.8642662299034e-08,385799370724392.1
189,22,2,0.5801539720281499,0.560265662814489,5875.470359983904,2.5795467633272818e-11,1.5358914434881213e+17
190,22,3,0.6396049261138798,0.5944712038519431,2513.3579840371963,4.811351335556403e-09,8.414211023876106
191,22,4,0.6832816587530373,0.5887670397031263,4588.521779643172,9.903997030669744e-09,3.989573403693022
192,22,5,0.7118671641133898,0.4851473092975539,3527.130040012616,6.71957345661022e-09,927638259683126.6
193,22,6,0.7326576157204658,0.4565138597806951,2091.197816127405,2.6752848008553368e-08,2.655342125931577
194,22,7,0.7488618352553635,0.36156840616778335,3007.7602665414843,1.3057961556690163e-08,3.396999373021063
195,22,8,0.760955326102451,0.32976676659236953,2484.533284878877,5.727434947837615e-09,578057794390728.9
196,22,9,0.7705438643934508,0.3099685182691473,2176.711840992202,1.8541286966633545e-08,1984173381433922.0
197,22,10,0.778788887011041,0.2784319330318742,1796.503139677906,2.851745285678826e-08,4.182881900839527
198,23,2,0.6016197546562654,0.5752377835240077,6578.02920801238,7.306809662482574e-10,4.557914826941379e+16
199,23,3,0.6617458994060728,0.5459210464030684,3829.6143163168827,1.003970675974625e-09,3.3709699420378416e+16
200,23,4,0.7058140643594497,0.5907172745580404,5134.679630115363,1.3004679895103207e-08,2463795969794701.5
201,23,5,0.7343822856798611,0.4979497288793312,4362.126976905041,3.250387904445857e-08,7215192806066600.0
202,23,6,0.7537555978339653,0.46661569659372554,3892.1666979702695,6.7908435626989e-08,1763642554818148.0
203,23,7,0.7705106391002918,0.36612874717874083,3337.228871162964,1.0646565453624524e-07,2548423677742936.5
204,23,8,0.7815007623829459,0.34980519617536937,2285.7513839350513,1.8827405209867816e-07,2.382927366376205
205,23,9,0.7916498228880693,0.32143783867521125,2930.489218754773,1.941602635537942e-07,1248241745179447.5
206,23,10,0.7995753823511662,0.28720003781421666,1858.3406218923951,1.1145876730838105e-07,1432550688133833.0
207,24,2,0.6788443606459802,0.541505459444613,9894.343374626143,6.82040247937219e-11,6.9093349499838024e+16
208,24,3,0.7290565489903563,0.6910150902738659,2030.6008371754574,2.058936732216595e-09,9003307716395624.0
209,24,4,0.7578141265347603,0.33727873837825356,5624.204640319554,9.243454222333085e-09,5212483838402557.0
210,24,5,0.7826248594068534,0.3858301700021976,4561.626970688343,7.23075097834086e-09,3024614019208005.5
211,24,6,0.797810456876417,0.3663037128516131,3800.308461105067,1.6560000916753725e-07,1399671117650066.0
212,24,7,0.811290769627858,0.29292405232392393,2919.9258814995915,1.0810484314283771e-07,1066728501441495.0
213,24,8,0.8206986116199468,0.27752829392568934,2308.421171222797,1.5631505521533996e-08,850490215677322.4
214,24,9,0.8294983148388491,0.2815639082510792,3351.741444353719,6.780884490525626e-08,1990119184723997.5
215,24,10,0.8351651663826024,0.2706024306068465,2914.095486897635,1.191486919423711e-07,448712000670245.3
216,25,2,0.6596265136359993,0.6313406003813496,7343.923940113631,1.034831944264527e-09,2.744847543774667e+16
217,25,3,0.7099254915418599,0.6230044656569098,2689.4437103102173,2.9641952014612326e-09,7.549762178027603
218,25,4,0.74529859239493,0.47875801177560917,2347.9053417086316,6.238603426404657e-09,5.926197542643076
219,25,5,0.771239915876104,0.3769190660584011,3895.684531212071,5.194379527555916e-09,1.1048884658176544e+16
220,25,6,0.7877374532915221,0.34538154877937555,3653.3818766835093,1.3961264643359943e-08,4958815234686431.0
221,25,7,0.798891917775562,0.26581879092636285,3308.0473179356363,8.358789149552405e-09,5628293495848627.0
222,25,8,0.8076471104773625,0.23867638855754325,2670.298188122446,1.1517298206277496e-08,3751829016428045.5
223,25,9,0.8157204210065503,0.23743542433152676,1846.4347140360833,8.358789149552405e-09,471074491728807.5
224,25,10,0.8229754481740923,0.21766199260765934,2511.075006951866,1.5203175275053608e-08,3905465250264512.0
225,26,2,0.651463880083694,0.5542014694773065,8234.23579052814,4.977054063169782e-10,3.803439390246867e+16
226,26,3,0.6928566655403423,0.6418162369976651,5512.065859177294,2.2363923189536128e-09,9772641799196620.0
227,26,4,0.7233482731568553,0.3604475153254272,2831.4824487692645,1.5681695319066382e-09,1092927480090926.1
228,26,5,0.7453347998325573,0.3590850727444067,2918.0088172385204,3.673079778136185e-08,8452207491357797.0
229,26,6,0.7609015680742371,0.2400827473896538,3513.6364095195554,3.997701373937383e-08,677049454482169.4
230,26,7,0.7728017012178652,0.2471580413760462,2939.4633578845446,1.0488188089311504e-08,663826035493195.0
231,26,8,0.7822393757933005,0.23210117772791977,2429.991556968811,3.32134907596542e-08,4222483193489998.0
232,26,9,0.7901084335232725,0.22454465044470534,2105.1027215563877,1.0378894141943651e-08,2902976906251570.5
233,26,10,0.7970417708331706,0.24162247048871072,2108.373879931155,1.1647361056268841e-08,2697563147636636.0
234,27,2,0.6863047892074704,0.5265736476948703,1850.5705413453697,1.1995143147209765e-09,3.722533571882209e+16
235,27,3,0.737072536493854,0.6946412885163353,5429.453639339805,4.842270701637109e-09,5941224467569203.0
236,27,4,0.7650804578768688,0.3327264623012694,3964.1245848879666,4.880273717999944e-09,9.33679441984416
237,27,5,0.7860563124223237,0.36973519999412713,3646.0394600330055,1.96595592230066e-08,2906792027478938.0
238,27,6,0.8003515398186277,0.2889856398074077,3662.527645321238,1.310694416236202e-08,2842626353718517.0
239,27,7,0.8121030090752052,0.26023853625140386,2897.0955902283513,1.2064996687237135e-07,1996490727795677.8
240,27,8,0.8217852449477199,0.2572241417353933,3245.7464410038897,1.7011290640003544e-07,2135619897857056.0
241,27,9,0.8294084034735035,0.2586881100295598,2872.0594790140385,1.6565262083777798e-07,244921499444638.97
242,27,10,0.835536743846129,0.2408445268824049,2753.1927574284077,1.4309189541302318e-07,1885919214295862.0
243,28,2,0.6341626184755147,0.5799739270323649,2913.3299530233758,1.0075285367392673e-10,5.879078255010279e+16
244,28,3,0.6874879465567091,0.5343162658686001,2671.793489182051,4.590463414679981e-09,10.329868018876041
245,28,4,0.7287216176480725,0.5521147071036562,3553.5470106760285,2.051023294294087e-09,4938371876259281.0
246,28,5,0.7541468020617491,0.47204864382446804,3913.293408053363,1.5501718598213053e-08,3804734721861462.5
247,28,6,0.7736120662039411,0.39155769115680567,3514.5601046164566,7.332158670057291e-08,594907008474957.9
248,28,7,0.7885200521150346,0.3509255364351165,3127.1917210833353,1.0994095450556303e-07,2051518247487143.5
249,28,8,0.7992354921858708,0.32487125050042526,3108.327300555848,2.78105540525631e-07,2.658595293891267
250,28,9,0.8088607078902921,0.32363257320687355,2549.7283173717947,2.78105540525631e-07,1296723929389395.5
251,28,10,0.8155691545505689,0.2863661322472536,2678.908432806994,8.793249687176357e-07,633710186446430.8
252,29,2,0.6612653741986841,0.5879350584434851,2866.8875801069244,2.8903541211958124e-10,4.077846882014385e+16
253,29,3,0.7133469351691843,0.5795876271714967,6914.063556053162,1.4248731958850127e-09,10.401864365863469
254,29,4,0.750502612986912,0.4850993748920944,4437.851809851928,4.453082999637748e-09,5.57079416957487
255,29,5,0.7781031298357037,0.44747262579863,3401.2288520445222,1.7197625839741584e-08,2.1200938383800056
256,29,6,0.7980552437676944,0.4102649750020044,2559.6197543579237,3.016135330989787e-08,1369225822949111.5
257,29,7,0.8124675210781678,0.36806041822571517,3897.3260123031,4.178186701911893e-08,601548361920402.1
258,29,8,0.8236766966731163,0.3451841190451403,1774.8786244591286,3.016135330989787e-08,999179651831129.4
259,29,9,0.8331990503745328,0.339531843795951,3266.3425022491,3.2060325900076677e-08,1448999647758417.5
260,29,10,0.8400531648640029,0.3087091341315671,2792.8000847631033,3.332416880008618e-08,931510874370295.8
261,30,2,0.6557113316860311,0.593234658393069,7914.720296019999,2.981418781078661e-10,17.127540517254026
262,30,3,0.7064196039269852,0.6621574612405559,2268.452770553213,3.7678459996379455e-10,3.371241352540917e+16
263,30,4,0.746066837508898,0.5453655584121638,4365.424715351136,5.322346000463192e-09,4.581018156958365
264,30,5,0.772892870806457,0.4572887252181332,3806.7858853525336,3.6036551476637244e-08,691033673944889.1
265,30,6,0.7907604375578329,0.3960605958047681,3921.367899786659,5.740375037990921e-08,1300064521402639.0
266,30,7,0.8042571679653191,0.3462227422763964,3333.641702146369,5.1636259889934636e-08,1661035437915570.5
267,30,8,0.8156795333414035,0.340541978209112,3083.4965417528338,4.6036204133215705e-08,1199412286496199.8
268,30,9,0.8247995889345634,0.32165829675167285,2693.143035604158,5.182631807286926e-07,1569807868425429.5
269,30,10,0.8317403108361461,0.29466230651032665,2538.3467705267335,1.250585496402511e-07,614212434936818.2
270,31,2,0.7174507141706523,0.6021531069857914,2371.936219791223,5.344003625574046e-10,3.18356111736886e+16
271,31,3,0.7560507813612277,0.6513972159114495,4795.823604061078,1.4674069079260958e-09,11.456114700383123
272,31,4,0.7861608505899098,0.5256302567320764,5283.249196523059,1.4534562176293882e-09,4800158084686638.0
273,31,5,0.8055290914191632,0.36851219525703305,4414.59933007399,1.3906611108933756e-09,3135626893968359.5
274,31,6,0.8220591350117246,0.27149126026426185,3239.9208745703468,1.3564176626961657e-09,1.3829738992200566e+16
275,31,7,0.8343089313876054,0.3016305102734375,3627.6985436490104,1.3411473599617124e-09,5.85539813193154
276,31,8,0.8431106952581648,0.2833526961858441,2557.0517494810338,1.3244390285452003e-09,286424944739288.25
277,31,9,0.8511256222959818,0.2781862826740356,2990.535641001749,2.4693083040030934e-08,707034333401969.4
278,31,10,0.8573490733868303,0.26679705989105484,2256.897969276929,2.3837194105058376e-08,1419717563368047.2
279,32,2,0.6240583353143596,0.6550688180270641,5648.532170781784,7.841341882678873e-10,5.57006550739052
280,32,3,0.6858421793731839,0.4397292272770137,3796.042385400132,5.049611486679772e-09,1.2632881808435162e+16
281,32,4,0.7186726450806578,0.53213802422012,3919.246736406782,3.8845256960716265e-09,6227093876469649.0
282,32,5,0.7440994543036629,0.4712050343734222,3099.9898828094942,4.1531748723730174e-09,5557167356078295.0
283,32,6,0.7621548007678811,0.3755127481545828,2697.4235403138755,1.5168624854470635e-08,3235575295978688.0
284,32,7,0.7755308451221335,0.34195993710009515,2713.3824024980236,1.0908960335151774e-07,1715174288111293.2
285,32,8,0.7867581298535566,0.31738897158271673,2054.505038031568,9.908895111022833e-09,2034684125849533.0
286,32,9,0.795262998085236,0.26093836808111137,1836.733676769333,2.2328694356735625e-08,1925885935805779.0
287,32,10,0.8031964877692863,0.25389807018082644,1966.6622960628167,9.79232606811458e-08,796506614590875.6
288,33,2,0.6827836730981323,0.5782786377426233,9943.824909515612,3.121832456930628e-10,4.594369986000592e+16
289,33,3,0.7261091347724203,0.6826509177146459,6548.726254375612,1.7569162778019906e-09,9.351231815062839
290,33,4,0.756017602311851,0.38524434472044394,6077.410539362403,4.858217755515515e-09,2806836004938233.5
291,33,5,0.7776880911146693,0.37311996550389687,3193.3080262824874,8.915556451500969e-08,1638301275626709.8
292,33,6,0.7931721095522412,0.300058932130947,4285.5855861282525,1.1000015381888483e-08,1910435501003217.0
293,33,7,0.8052619301079267,0.28344597259043164,1799.271131071032,1.3382440398940132e-07,970691973467359.6
294,33,8,0.8149578422268708,0.265117361697222,1686.197915506083,6.227046492333812e-09,2360878028452569.0
295,33,9,0.8230667205401498,0.2601350336275572,3116.094224673703,1.351040432523015e-07,1900152306064001.5
296,33,10,0.8292579111056091,0.23063899940256896,2634.6816654782515,1.238731721169929e-07,700824951879300.1
297,34,2,0.6380935968693925,0.5973585142107036,2728.7810370268007,2.7647100180873043e-10,17.421276064163244
298,34,3,0.6865602304010852,0.4922677863961725,2330.095147733848,5.573398412177253e-11,1.3530208391598296e+17
299,34,4,0.7239549615762463,0.5375517345171841,4136.33275832317,1.2854401286673159e-08,8558998723367308.0
300,34,5,0.7467690982661538,0.46045641930104375,2085.8797245014534,2.0608896441864153e-08,6454395520411030.0
301,34,6,0.765562641238108,0.34130058199598695,3121.967989510504,3.4491203413236273e-10,546216617187548.3
302,34,7,0.7786742629425036,0.3143054902037578,2860.7112856621375,3.284551790947438e-07,510462217145721.7
303,34,8,0.788333866865759,0.2904730766266921,2487.2709108447134,3.0626547039438726e-07,3.1848139732260563
304,34,9,0.797665574693925,0.27108219795865157,2037.04800985392,2.2693946996251276e-07,691291973090513.6
305,34,10,0.8042661330509879,0.2360611030965977,1992.4140503016652,3.513489078859317e-07,1864135514322765.5
306,35,2,0.6565124397780412,0.5761879165991267,8596.23781279451,1.640254493573096e-10,5.593417566899943e+16
307,35,3,0.7113092065092647,0.6995387697358477,5715.481361886285,7.085156361515756e-09,7.21819384020936
308,35,4,0.7480352693412483,0.5271871115695022,4689.467956541412,1.3448916028056631e-08,1.3833885900904106e+16
309,35,5,0.7743459997797005,0.4288361735527094,3618.1979188348637,1.4314453790121616e-08,7721943463739133.0
310,35,6,0.7912458968359084,0.3955437402567267,3639.7287992699503,1.6787616206344842e-07,1587908094654595.8
311,35,7,0.8054062339934676,0.3215975180978147,3811.128008164947,2.989028113986913e-08,723316121537618.9
312,35,8,0.8162596765399309,0.3064897321962751,3205.6782078303454,1.6794783086033243e-07,457279711454708.8
313,35,9,0.825319230257592,0.29444430202122673,3032.5763001606947,1.0774178618387303e-06,1091013236444164.5
314,35,10,0.8322206359458261,0.2773308211528083,2434.2434406506036,1.6794783086033243e-07,1196157355525473.0
315,36,2,0.6805519724483643,0.5365218995091303,2186.0697681939087,1.0563715655294386e-10,9.934593268476125e+16
316,36,3,0.7341930791974973,0.7153145630410436,6357.932036531636,2.9026024554193895e-10,6351874552413933.0
317,36,4,0.7629135382710628,0.4497468820690789,5713.57507692331,1.1753617045464379e-08,1.1040907097387812e+16
318,36,5,0.7892701531362158,0.41580344754417264,3790.93213617709,1.228266924194861e-07,1203421162116443.0
319,36,6,0.8050032405634211,0.37415452459946846,4148.729551673677,9.406389815679322e-08,2.4069604749058615
320,36,7,0.8185510965239928,0.3247206569344745,3271.4094428127933,9.859338535448796e-08,452719352347921.6
321,36,8,0.8289690747400942,0.30882964776220634,3603.550168121616,3.217861308956951e-07,256712618927077.3
322,36,9,0.8370882008800127,0.29986947763439953,3008.6754834427547,2.830029249074357e-07,2048288971583450.2
323,36,10,0.8431974676128832,0.28701543371701316,3172.735025428729,2.722505698422404e-07,2020252024111996.0
324,37,2,0.6621172441242473,0.6343640180706803,5286.845022242909,1.3255567367001065e-09,7.144590132218843
325,37,3,0.7107194722719642,0.4163159225524878,3076.555671112224,1.6962898047498165e-09,1.903526212409265e+16
326,37,4,0.7443193456057521,0.5581670483949934,2745.6319821791467,5.2589957679768404e-08,5187504840295100.0
327,37,5,0.7669557232388787,0.4427439158757,3073.393838665115,2.2710465866702477e-08,4547125619992621.0
328,37,6,0.7862640669665493,0.36071337831128847,1890.7324207284462,3.307901516001661e-08,1581150091942775.2
329,37,7,0.7999158677883208,0.34913833192014726,1777.062852097674,1.73081471168568e-07,1163628300569074.5
330,37,8,0.811474292704356,0.3335068098281678,2130.6346793898188,2.77881385617286e-07,1923926003532883.0
331,37,9,0.8195635746351572,0.29795768316121174,1933.0104261321776,2.7159065589071153e-07,1802195716855397.8
332,37,10,0.8265550785838789,0.2701332663911505,1889.357115177751,2.382082249505769e-07,937199722078826.8
333,38,2,0.6616822826947999,0.654477051823705,3292.3399915864325,4.489187739465175e-09,2.2585363222194584e+16
334,38,3,0.7151635531070641,0.43072805866411745,4972.353938561004,7.899426997697732e-09,13.32775840324144
335,38,4,0.748381922743459,0.5286202247439845,5109.165540643515,6.155108766420091e-09,5804354610082244.0
336,38,5,0.7703806707798049,0.4546462053278732,4409.029797420293,6.54875234591607e-08,4.536237717654146
337,38,6,0.786940116185872,0.35672449074611057,4003.3245899710178,2.8636382989902122e-08,3.5313206176340586
338,38,7,0.7991873254497646,0.3062543343524916,3549.732139398474,7.892769423658896e-08,1048263582559472.0
339,38,8,0.809618863753975,0.3085047716409772,3372.175671766876,7.941669460556691e-08,903848231835798.0
340,38,9,0.817545661674467,0.26898689412803434,1969.135082804713,2.4792870960578115e-08,1536048734257939.0
341,38,10,0.8252363041037688,0.25663999643767177,2980.854970096484,3.838348085501244e-08,1357779636152373.5
342,39,2,0.6604616288333911,0.6517681336916439,3150.3919437866693,5.709717056263143e-10,11.180769313540521
343,39,3,0.7126547713974737,0.4036035713889362,2447.7301021019452,7.738421471354615e-09,15.162747579886393
344,39,4,0.7472029822182676,0.5580285968736945,2421.4030419305905,1.5855515589621134e-08,4089034921492773.0
345,39,5,0.7688532484439647,0.38190114628709115,2119.472178349926,1.3597446503920817e-08,4.916263363039051
346,39,6,0.7873413644591433,0.3479762902116118,3994.8280248178257,3.0530402408309246e-08,560432031533074.0
347,39,7,0.7991091798437934,0.3157945582897047,1649.9551938549657,7.218323713454008e-08,1911111672821674.8
348,39,8,0.8095250737026144,0.31480676266915464,3147.9739643866483,7.597623200267412e-08,2737337194281792.0
349,39,9,0.8173097220330122,0.2607125294817034,2767.5835901103324,5.71352049665757e-08,392434146773642.8
350,39,10,0.8241521048454641,0.2496925991686045,2295.028449900312,5.71352049665757e-08,3461997408264224.0
351,40,2,0.6511563351186086,0.540252089777367,8189.712114001749,1.505952655377351e-09,7.673223049865917e+16
352,40,3,0.6990215812273993,0.66471068052334,1994.665546187036,2.8553041081595444e-09,1.3598417026066406e+16
353,40,4,0.732585009622803,0.44497360682806886,3371.0925990643505,1.6745341080977045e-09,8153102865118395.0
354,40,5,0.7583366857736054,0.389100381219402,2790.088647004852,5.646146401394248e-09,5.183441701435091
355,40,6,0.7745616119404736,0.3287608776404675,3692.032867183392,4.8934823407472895e-09,2097321701232291.8
356,40,7,0.7882353955516185,0.2827652115962299,3325.5869906076164,3.0564596466808724e-08,349226851507500.7
357,40,8,0.7987429009536261,0.24933930222628814,3008.742911251084,4.5331694842598935e-08,2932934283229545.5
358,40,9,0.806878339552161,0.2539680316416311,2780.6851422542068,6.872877379506613e-08,866628848991738.8
359,40,10,0.8133342802644573,0.2228520902156602,2356.8239256652078,7.90291028308285e-08,4.113093229543298
360,41,2,0.6030859398169682,0.5475124193308389,2477.4826252310927,7.247919695343911e-10,4.5553195271309096e+16
361,41,3,0.6588575152647308,0.6904968122849291,2152.2056590849397,4.473872789617236e-09,2.2377041439175292e+16
362,41,4,0.6995927117820039,0.5192174451604323,2833.379325716375,5.961839225332619e-09,7139095718865006.0
363,41,5,0.7280480370983922,0.4409292224768262,3645.518951715682,3.356884017410951e-08,2.7889050545991045
364,41,6,0.746092413684256,0.4066595927086245,2833.1351298666605,1.003162494463557e-07,1376820236448281.2
365,41,7,0.761088252947194,0.34265138438476517,2372.4884891393613,1.0252636927326407e-07,2227681288749306.5
366,41,8,0.772523532281327,0.30393382646122497,2544.094784906714,6.690086555869458e-08,2.9861204364110225
367,41,9,0.7823184374141234,0.30458309180517956,1807.9979254089308,8.063616250623974e-08,1398451747078979.8
368,41,10,0.7893099613036304,0.2706507432831872,2210.7747397905523,8.565596959404737e-08,1947857205284904.0
369,42,2,0.6298560774842188,0.5593996189477246,2359.6481627704416,8.833963133138814e-10,15.757635575310717
370,42,3,0.6875633618771565,0.6789868897647806,2243.1283360926527,8.346485099644893e-10,1.089949344563815e+16
371,42,4,0.7250965777553079,0.5299068870617589,3590.2341464702445,8.994986283906054e-09,5.329899702811989
372,42,5,0.7527419823684365,0.43693218115065985,3646.880309532737,2.4839793066427563e-08,1680129445986822.2
373,42,6,0.7703446378438553,0.38293782524234155,2975.5223115258614,2.741825066598311e-08,2562686857318237.5
374,42,7,0.7840888490237343,0.31564665021711535,2985.4484001582014,8.01620682259599e-08,3.0081907149373466
375,42,8,0.79499843170969,0.2948473928306599,2442.9658602634026,1.4542494572586576e-07,1930387200266316.5
376,42,9,0.804523463653579,0.2825314601539728,2186.425472680659,1.3652666612653637e-07,1675671184340918.0
377,42,10,0.8115848222073635,0.24862752164206994,1939.3347746475329,1.5591082773199519e-07,962512950266212.8
378,43,2,0.6689547603480452,0.6051306766585544,6531.5020243131,9.11784445795418e-10,4.413305879701326e+16
379,43,3,0.7179257109847715,0.6723621379859284,4256.852784547751,1.2259479808881544e-09,7.608062844221149
380,43,4,0.7545291051088266,0.44690059920359465,3870.564215545292,1.6139863318234666e-08,5.588920080708464
381,43,5,0.7798774133867877,0.4299164013175632,2266.193760201245,5.988501028297824e-08,722244388770978.6
382,43,6,0.7955571723087062,0.32770432245105924,2931.159445998066,6.583716806037588e-08,329160478694112.06
383,43,7,0.8084630283298924,0.3227306426376909,2624.990489292602,6.135923525825815e-08,949010255285879.8
384,43,8,0.8191605453115295,0.2899086484764266,2236.5453854977263,6.583716806037588e-08,876673195030270.5
385,43,9,0.8282334948803541,0.31009580638612944,2017.590522770897,6.238719341397126e-08,252179944960325.34
386,43,10,0.8362582496727635,0.282524082929222,2009.0884699129924,5.5760200665337626e-08,227395025705728.25
387,44,2,0.6819799858100797,0.606596522633083,2552.7918359478385,1.163136909959236e-09,2.3925123684929812e+16
388,44,3,0.727125943647165,0.6204072161028156,2170.226892639825,8.688847440784356e-10,1.387611489352553e+16
389,44,4,0.7616439366410143,0.5057246995140796,4051.8123185671493,1.2603979833946957e-09,3211882819282895.5
390,44,5,0.7816698138012893,0.4187383037079293,4552.6241197222835,1.4722297783820157e-08,3.7437144460190437
391,44,6,0.798106525902752,0.27586384900341493,4030.1034871205834,2.044270874718333e-09,6.125134298157076
392,44,7,0.8108840755695899,0.30417987100431876,3517.2530951591534,1.6930147985099977e-08,2.9794508811438973
393,44,8,0.8198362966795082,0.2827422017235701,3320.5698504653174,1.2824807802553105e-07,713074075268522.0
394,44,9,0.8278243974646255,0.2855777950146901,2475.525683785025,1.2075612189172123e-07,1294165550788833.0
395,44,10,0.8341697385659773,0.2620807920754406,2421.0462404267737,1.2824807802553105e-07,2047167148089628.8
